,SizeRank,RegionName,StateName,CountyName,Jan-10,Feb-10,Mar-10,Apr-10,May-10,Jun-10,Jul-10,Aug-10,Sep-10,Oct-10,Nov-10,Dec-10,Jan-11,Feb-11,Mar-11,Apr-11,May-11,Jun-11,Jul-11,Aug-11,Sep-11,Oct-11,Nov-11,Dec-11,Jan-12,Feb-12,Mar-12,Apr-12,May-12,Jun-12,Jul-12,Aug-12,Sep-12,Oct-12,Nov-12,Dec-12,Jan-13,Feb-13,Mar-13,Apr-13,May-13,Jun-13,Jul-13,Aug-13,Sep-13,Oct-13,Nov-13,Dec-13,Jan-14,Feb-14,Mar-14,Apr-14,May-14,Jun-14,Jul-14,Aug-14,Sep-14,Oct-14,Nov-14,Dec-14,Jan-15,Feb-15,Mar-15,Apr-15,May-15,Jun-15,Jul-15,Aug-15,Sep-15,Oct-15,Nov-15,Dec-15,Jan-16,Feb-16,Mar-16,Apr-16,May-16,Jun-16,Jul-16,Aug-16,Sep-16,Oct-16,Nov-16,Dec-16,Jan-17,Feb-17,Mar-17,Apr-17,May-17,Jun-17,Jul-17,Aug-17,Sep-17,Oct-17,Nov-17,Dec-17,Jan-18,Feb-18,Mar-18,Apr-18,May-18,Jun-18,Jul-18,Aug-18,Sep-18,Oct-18,Nov-18,Dec-18,Jan-19,Feb-19,Mar-19,Apr-19,May-19,Jun-19,Jul-19,Aug-19,Sep-19,Oct-19,Nov-19,Dec-19,Jan-20,Feb-20,Mar-20
0,0,New York,New York,Queens County,444369.0,444560.0,443163.0,442489.0,442178.0,444115.0,446442.0,447742.0,449016.0,449432.0,448737.0,447040.0,446134.0,445929.0,447824.0,448052.0,448239.0,446408.0,445226.0,444560.0,443797.0,443015.0,442036.0,442103.0,441857.0,441632.0,440245.0,440162.0,440047.0,441045.0,441406.0,441744.0,442220.0,443228.0,445255.0,447263.0,448888.0,449893.0,451240.0,453027.0,455529.0,458066.0,460645.0,463454.0,466384.0,469661.0,472418.0,474987.0,478282.0,482544.0,487013.0,490452.0,492836.0,494425.0,496559.0,499196.0,502161.0,504446.0,506412.0,508734.0,511055.0,513452.0,515794.0,518839.0,522100.0,526325.0,529892.0,533293.0,536121.0,539215.0,542817.0,546171.0,548966.0,551506.0,553832.0,557083.0,560110.0,563034.0,565721.0,568673.0,571806.0,574748.0,577918.0,581449.0,585604.0,588436.0,591372.0,593522.0,597010.0,600522.0,605052.0,608956.0,612954.0,617462.0,621093.0,623901.0,626036.0,629857,633923,638221,641450,644658,646962,649745,652793,655131,657389,658632,659100,658771,659007,659422,659843,659421,659007,658239,656925,655613,654394,653930,653901,653565,652307
1,1,Los Angeles,California,Los Angeles County,443474.0,441260.0,440817.0,441873.0,445830.0,444219.0,442515.0,438684.0,435730.0,432400.0,427960.0,425356.0,423695.0,423326.0,420806.0,418116.0,412713.0,411740.0,410351.0,409012.0,405993.0,402808.0,402486.0,401045.0,400472.0,399385.0,398855.0,398920.0,400478.0,402586.0,405130.0,407594.0,411279.0,416955.0,421848.0,428643.0,433682.0,442252.0,451006.0,461810.0,470695.0,479500.0,488323.0,499478.0,509007.0,515618.0,520480.0,523211.0,527651.0,528337.0,530033.0,529716.0,531222.0,531919.0,534606.0,534265.0,534611.0,534694.0,537948.0,541286.0,545724.0,550456.0,555041.0,556674.0,559564.0,562356.0,564698.0,567443.0,570388.0,575132.0,578925.0,584545.0,587711.0,591562.0,593862.0,600103.0,604219.0,608947.0,611310.0,615416.0,620355.0,625774.0,628777.0,630619.0,634128.0,637239.0,640855.0,643133.0,647743.0,651675.0,656294.0,660355.0,664284.0,667725.0,673738.0,679687.0,685331.0,691194,697740,702650,704730,706155,709156,711451,713262,714359,715685,715600,715717,713276,711206,709806,710747,712660,713807,715688,718245,721896,725180,730358,735910,744137,752508
2,2,Houston,Texas,Harris County,127564.0,127372.0,127497.0,127711.0,127788.0,127292.0,126217.0,124908.0,123995.0,123437.0,123305.0,123019.0,122593.0,121887.0,120769.0,119869.0,119103.0,118727.0,118551.0,118598.0,118588.0,118608.0,117931.0,117526.0,117342.0,117597.0,117900.0,117867.0,117985.0,118138.0,118605.0,119024.0,119368.0,119504.0,120063.0,120641.0,121448.0,122251.0,123619.0,125255.0,126787.0,127930.0,129056.0,130244.0,131574.0,133022.0,134485.0,135808.0,136983.0,138156.0,138913.0,139729.0,140554.0,141954.0,143361.0,145041.0,146664.0,148093.0,149331.0,150588.0,151804.0,152863.0,154172.0,155428.0,156596.0,157371.0,157849.0,158346.0,158785.0,159577.0,160023.0,160517.0,161392.0,162316.0,162904.0,162970.0,163390.0,164033.0,165015.0,165519.0,166004.0,166277.0,167231.0,168244.0,168683.0,169114.0,169666.0,170584.0,171143.0,171600.0,171850.0,172077.0,172432.0,172879.0,173417.0,173881.0,174512.0,175029,175622,176576,177582,178431,179143,180035,181123,181971,182803,183599,184924,185949,186410,186294,186369,186844,187464,188070,188496,189125,189612,190179,190395,190938,191907
3,3,Chicago,Illinois,Cook County,217978.0,218203.0,215311.0,215345.0,212877.0,213038.0,209000.0,207128.0,204227.0,203049.0,200478.0,198182.0,196048.0,194139.0,192634.0,189737.0,188372.0,185790.0,185927.0,184640.0,184325.0,181420.0,180168.0,177500.0,176378.0,173644.0,173927.0,173621.0,173899.0,172653.0,171086.0,170076.0,169495.0,170387.0,171668.0,173085.0,174891.0,176633.0,177449.0,178719.0,179731.0,182260.0,184800.0,187738.0,189732.0,192368.0,193388.0,195079.0,195521.0,197250.0,198094.0,198349.0,199134.0,200491.0,201756.0,202221.0,203389.0,204138.0,205256.0,205868.0,206442.0,206536.0,207091.0,208760.0,210296.0,210940.0,211523.0,212285.0,212898.0,213122.0,213545.0,214529.0,215731.0,217645.0,219082.0,220163.0,220675.0,221501.0,222768.0,223935.0,224813.0,226072.0,227726.0,229088.0,230413.0,231394.0,233297.0,234662.0,235723.0,236150.0,236594.0,237534.0,238790.0,239629.0,240173.0,241192.0,242900.0,244113,244037,243978,244407,245367,245844,246209,246842,247568,248331,248653,248178,247789,247720,248089,248302,248372,248646,248725,248483,248278,248090,248029,248220,248599,249152
5,5,Philadelphia,Pennsylvania,Philadelphia County,148164.0,148450.0,148615.0,148611.0,148666.0,148933.0,148785.0,148156.0,146588.0,145073.0,143764.0,142957.0,142140.0,141564.0,141331.0,140607.0,139629.0,138161.0,137007.0,136095.0,135844.0,135798.0,135636.0,135332.0,134756.0,134067.0,133319.0,132825.0,132150.0,131578.0,131112.0,130981.0,130919.0,130607.0,130267.0,129880.0,129833.0,129626.0,129433.0,129619.0,130454.0,131499.0,132159.0,132465.0,132405.0,132558.0,132805.0,133235.0,133302.0,133548.0,133492.0,132882.0,132266.0,131842.0,132124.0,132045.0,132032.0,132040.0,132283.0,132877.0,133595.0,134215.0,135204.0,136358.0,137089.0,137177.0,137074.0,137624.0,138468.0,138871.0,138997.0,138118.0,138170.0,138416.0,138653.0,138696.0,138866.0,140059.0,140890.0,141709.0,142214.0,143090.0,144141.0,145877.0,146405.0,146579.0,146634.0,147867.0,149357.0,150452.0,151350.0,152164.0,153165.0,154729.0,156088.0,157538.0,158919.0,160966,163286,165051,166288,167170,168473,169848,171258,172266,173602,174887,176555,177628,178207,178591,179374,180552,181582,182578,183510,184375,185050,185581,186103,186806,187772
6,6,Phoenix,Arizona,Maricopa County,138948.0,137630.0,136195.0,135623.0,134845.0,134026.0,131449.0,129334.0,126605.0,125153.0,123143.0,121029.0,118423.0,116525.0,115566.0,113805.0,112062.0,110047.0,109554.0,109333.0,109497.0,109679.0,109869.0,111002.0,111914.0,113459.0,114440.0,117254.0,120746.0,124377.0,127293.0,130220.0,133786.0,137162.0,140824.0,143088.0,145993.0,147938.0,151068.0,153224.0,155376.0,157988.0,161328.0,164175.0,166432.0,168234.0,169095.0,170855.0,172790.0,175590.0,176294.0,176180.0,175973.0,176201.0,175991.0,176137.0,175935.0,176591.0,178043.0,179670.0,180355.0,180852.0,182697.0,185065.0,187223.0,188447.0,190350.0,192005.0,194004.0,195133.0,196106.0,197052.0,198941.0,200325.0,201281.0,202271.0,203503.0,204900.0,205438.0,206522.0,207699.0,209542.0,211336.0,212727.0,213809.0,215089.0,216617.0,218100.0,219381.0,220961.0,222816.0,223968.0,225311.0,226709.0,228562.0,230010.0,231588.0,233460,235069,236779,238304,239785,241032,242167,243487,244475,245134,245897,246853,247999,249144,249755,250566,251616,252949,254712,256293,258094,260058,262379,264658,266769,269175
7,7,Las Vegas,Nevada,Clark County,147762.0,147107.0,146572.0,145492.0,144329.0,144229.0,143861.0,143653.0,142538.0,141411.0,140658.0,139671.0,137720.0,135617.0,133757.0,132464.0,131694.0,129912.0,128759.0,126881.0,126259.0,125526.0,124862.0,124400.0,124356.0,124393.0,124260.0,124509.0,124898.0,126200.0,127223.0,129236.0,130966.0,132834.0,134893.0,137342.0,140293.0,143532.0,147676.0,151459.0,155726.0,159988.0,164821.0,169038.0,173151.0,176550.0,179619.0,181411.0,183250.0,184987.0,186407.0,187311.0,187388.0,187356.0,187757.0,188083.0,187766.0,188630.0,189671.0,192200.0,193424.0,194671.0,195343.0,196417.0,198041.0,199115.0,199292.0,200012.0,201472.0,202768.0,203338.0,204523.0,206321.0,208192.0,209035.0,210433.0,211510.0,212977.0,214311.0,215555.0,216733.0,216864.0,217720.0,216766.0,217225.0,217638.0,220955.0,223461.0,226151.0,228984.0,232607.0,235638.0,239131.0,243383.0,248085.0,252559.0,255569.0,258970,260834,263179,265406,268785,272313,276223,279053,280781,281205,282628,283965,285345,285321,285773,285993,285430,284385,283456,283210,283713,284820,285736,287089,288201,290535
12,12,Jacksonville,Florida,Duval County,142366.0,140673.0,139233.0,138828.0,138743.0,138462.0,136872.0,134520.0,132348.0,131204.0,129560.0,127350.0,124772.0,123017.0,121252.0,119602.0,117384.0,115418.0,113829.0,112688.0,111625.0,110261.0,109271.0,108640.0,108753.0,108498.0,108332.0,108436.0,108484.0,108495.0,108481.0,108817.0,109296.0,109977.0,110772.0,111955.0,112680.0,113814.0,114783.0,115789.0,117301.0,118926.0,120848.0,122471.0,123906.0,125102.0,126236.0,127291.0,128781.0,129654.0,130449.0,130737.0,131004.0,131323.0,131364.0,131445.0,131940.0,132670.0,133423.0,133440.0,133530.0,133938.0,135001.0,135847.0,136494.0,137126.0,138141.0,139195.0,139723.0,140292.0,140846.0,142160.0,143038.0,143682.0,143867.0,145056.0,146528.0,147809.0,148590.0,149357.0,150592.0,151630.0,152515.0,153227.0,154452.0,156371.0,158365.0,159396.0,159907.0,160486.0,161419.0,162889.0,164302.0,165799.0,167512.0,169373.0,170488.0,170834,171027,172150,173805,175214,176861,177957,179158,180073,181382,182275,183160,183786,184346,184825,184905,185522,185919,186564,187190,188159,188850,189904,191352,193382,195692
13,13,Indianapolis,Indiana,Marion County,105004.0,105552.0,105660.0,105859.0,105728.0,105582.0,104641.0,103279.0,101349.0,100379.0,99478.0,99291.0,99199.0,98985.0,98417.0,97289.0,95704.0,94445.0,93971.0,94441.0,95262.0,95383.0,95269.0,94650.0,93939.0,93361.0,93491.0,94007.0,94990.0,95454.0,95903.0,95736.0,95608.0,95867.0,95574.0,95561.0,95395.0,95799.0,95924.0,96601.0,97258.0,97988.0,98232.0,98777.0,99411.0,99970.0,100849.0,101803.0,103320.0,104846.0,106600.0,107513.0,107851.0,108056.0,108602.0,109051.0,109173.0,109300.0,109741.0,110156.0,110028.0,109471.0,108726.0,108624.0,108960.0,109267.0,109025.0,108670.0,108852.0,109255.0,110014.0,110822.0,111902.0,112700.0,112832.0,112588.0,112419.0,113130.0,114489.0,116007.0,117336.0,118168.0,118362.0,118198.0,118132.0,118804.0,120063.0,121484.0,122853.0,123846.0,124612.0,125378.0,125781.0,126797.0,127612.0,128419.0,128715.0,129205,130585,132444,133965,135402,136893,138405,139241,139692,140602,142463,144325,145088,145251,145142,145887,146229,146548,146837,147907,149051,150058,150381,150945,152105,153159
15,15,Charlotte,North Carolina,Mecklenburg County,172150.0,171070.0,169834.0,168847.0,168470.0,167722.0,166296.0,164985.0,163747.0,162500.0,160960.0,159701.0,158526.0,157423.0,156125.0,154562.0,152900.0,151851.0,151007.0,150381.0,149569.0,148657.0,147745.0,147723.0,147564.0,147983.0,147571.0,147680.0,147426.0,147250.0,147179.0,147450.0,148050.0,148862.0,149693.0,149636.0,149929.0,149783.0,151221.0,152567.0,154823.0,156705.0,158779.0,160228.0,161331.0,162276.0,163219.0,164725.0,165978.0,167611.0,168441.0,168876.0,169006.0,169020.0,168796.0,168539.0,168736.0,169295.0,170078.0,170882.0,171621.0,172449.0,173424.0,174589.0,175104.0,175667.0,176694.0,178476.0,179872.0,180845.0,181527.0,181896.0,182632.0,183630.0,184704.0,186061.0,187915.0,190210.0,192174.0,193324.0,194673.0,195988.0,197709.0,199551.0,201295.0,202442.0,203909.0,205285.0,206927.0,208349.0,209520.0,211288.0,212906.0,215159.0,216843.0,218644.0,220402.0,222571,224392,225790,227292,228806,230854,232394,234015,234746,235908,236883,238480,238845,239647,240508,241873,242765,243423,244333,245228,246497,247632,248816,249527,251105,252438
18,18,Columbus,Ohio,Franklin County,120334.0,120468.0,120797.0,120589.0,120296.0,119790.0,119170.0,118372.0,117261.0,116320.0,115328.0,114732.0,114204.0,113437.0,112368.0,111191.0,110106.0,108883.0,107832.0,106992.0,106492.0,105747.0,105149.0,104403.0,103576.0,102902.0,102157.0,101697.0,100986.0,100557.0,100143.0,99828.0,99622.0,99627.0,99365.0,98966.0,98526.0,98451.0,98919.0,99679.0,100620.0,101839.0,102973.0,104155.0,104896.0,105625.0,106428.0,107156.0,107809.0,108067.0,108181.0,108246.0,108650.0,108889.0,109139.0,109076.0,109230.0,109376.0,109938.0,110788.0,111906.0,113150.0,114220.0,114911.0,115396.0,115881.0,116646.0,117334.0,118135.0,118845.0,119462.0,120046.0,120602.0,121034.0,121685.0,122674.0,123593.0,124388.0,125006.0,126055.0,127005.0,127868.0,128567.0,129353.0,130886.0,133003.0,134659.0,135618.0,136114.0,137031.0,137970.0,139097.0,140367.0,141861.0,143528.0,145061.0,145196.0,144493,144496,145815,147862,149482,151292,152759,153799,154833,155762,156593,157574,158986,160565,161646,162456,163199,163866,164663,165803,166880,168009,169280,171019,172761,174109
19,19,Louisville,Kentucky,Jefferson County,138108.0,137658.0,137334.0,137339.0,137447.0,137182.0,136801.0,136473.0,136226.0,135958.0,135250.0,134632.0,133953.0,133497.0,132816.0,132034.0,131330.0,130685.0,130111.0,129692.0,129335.0,128879.0,128746.0,128634.0,128663.0,128657.0,128720.0,128968.0,128980.0,128890.0,128729.0,128228.0,128064.0,128140.0,128503.0,128640.0,128604.0,128663.0,129021.0,129313.0,129733.0,130338.0,131317.0,132792.0,133818.0,134770.0,135180.0,135819.0,136092.0,136517.0,136273.0,136298.0,136321.0,136694.0,136938.0,136674.0,136521.0,136349.0,136531.0,136681.0,137222.0,137362.0,137962.0,138354.0,139047.0,139308.0,139402.0,139720.0,140196.0,140517.0,140720.0,140962.0,141572.0,142594.0,143599.0,144541.0,145088.0,145775.0,146374.0,147193.0,148094.0,149340.0,150553.0,151505.0,151924.0,152114.0,152609.0,153504.0,154660.0,155702.0,157027.0,158060.0,158849.0,159160.0,159898.0,160765.0,161990.0,163284,164337,164924,165108,165452,165890,166420,166874,167602,167780,168082,168128,168530,168922,169509,170260,170981,171534,172127,172907,173677,174713,175688,176837,177761,178807
22,22,Detroit,Michigan,Wayne County,17973.0,17648.0,17351.0,17374.0,17468.0,17699.0,17505.0,17185.0,16729.0,16570.0,16458.0,16350.0,16252.0,16192.0,16048.0,15644.0,15135.0,14518.0,13984.0,13707.0,13619.0,13598.0,13562.0,13483.0,13508.0,13413.0,13416.0,13413.0,13532.0,13694.0,13930.0,13974.0,13995.0,13944.0,13966.0,13968.0,13939.0,14009.0,14132.0,14330.0,14525.0,14706.0,14893.0,15106.0,15349.0,15586.0,15794.0,16045.0,16304.0,16492.0,16610.0,16806.0,17071.0,17358.0,17577.0,17876.0,18208.0,18549.0,18772.0,18919.0,19058.0,19419.0,19932.0,20254.0,20210.0,20030.0,19993.0,20006.0,19946.0,19953.0,20174.0,20570.0,21030.0,21345.0,21373.0,21400.0,21593.0,22044.0,22458.0,22801.0,23223.0,23712.0,24141.0,24408.0,24450.0,24508.0,24645.0,24769.0,25077.0,25273.0,25522.0,25793.0,26048.0,26319.0,26467.0,26656.0,27029.0,27406,28096,28944,29684,30122,30389,30818,31414,31899,32437,32969,33387,33759,33712,33641,33429,33615,33936,34148,34240,34417,34656,34937,35283,35702,36293
23,23,Denver,Colorado,Denver County,246564.0,248071.0,249300.0,247984.0,245771.0,243416.0,241985.0,241182.0,240266.0,238693.0,237500.0,236999.0,236058.0,235661.0,234715.0,234601.0,233241.0,232118.0,231037.0,230840.0,230904.0,231917.0,233023.0,233380.0,233862.0,233724.0,234705.0,235591.0,237308.0,239379.0,241901.0,244280.0,246580.0,248188.0,249951.0,252017.0,254152.0,256490.0,258499.0,260900.0,263284.0,266167.0,269384.0,272717.0,275185.0,277372.0,278831.0,280685.0,282451.0,284283.0,286142.0,288338.0,292559.0,295531.0,297186.0,297611.0,299445.0,302342.0,305990.0,309644.0,313539.0,317771.0,322211.0,326313.0,328043.0,330326.0,333877.0,339156.0,343931.0,348058.0,351747.0,355318.0,358762.0,361761.0,363663.0,365549.0,368018.0,371348.0,374286.0,377192.0,380111.0,383043.0,385889.0,388619.0,390952.0,393993.0,398015.0,401584.0,405114.0,407751.0,410551.0,412035.0,413558.0,415480.0,418259.0,421055.0,424159.0,427046,430527,434594,438987,442366,445203,447540,450532,453461,455942,457320,458097,458273,457476,456354,454860,454558,454578,455615,456193,456663,457096,458434,460255,462640,465466
24,24,Seattle,Washington,King County,422369.0,420144.0,416093.0,417787.0,419765.0,420071.0,417705.0,413437.0,410364.0,405887.0,401770.0,398293.0,396476.0,396316.0,394405.0,391964.0,385820.0,382230.0,378876.0,378187.0,376589.0,375505.0,374791.0,373514.0,373045.0,370234.0,371104.0,372581.0,378992.0,384285.0,389660.0,393945.0,398130.0,402943.0,407907.0,413057.0,417041.0,423676.0,429524.0,435861.0,439296.0,441635.0,445535.0,449150.0,454035.0,457452.0,459878.0,462468.0,466265.0,469441.0,470944.0,471027.0,471847.0,475980.0,477981.0,479714.0,480797.0,484312.0,488697.0,493233.0,499092.0,503043.0,507940.0,511889.0,517841.0,521850.0,527601.0,536143.0,544374.0,551673.0,558354.0,564431.0,568086.0,574321.0,581802.0,591273.0,597744.0,604512.0,611129.0,615933.0,621025.0,625238.0,632361.0,640716.0,649414.0,655100.0,658993.0,665516.0,676218.0,688501.0,700365.0,709638.0,717468.0,727275.0,733897.0,741851.0,749791.0,762886,775126,783484,786816,787093,783698,781189,781140,780816,777465,770590,763997,757053,751596,746459,743558,741414,742065,743707,744207,744257,747509,752731,758290,762931,767906
25,25,Memphis,Tennessee,Shelby County,75399.0,75209.0,75016.0,74787.0,74614.0,74427.0,73977.0,73350.0,72493.0,71950.0,71335.0,70807.0,69802.0,68857.0,67746.0,67216.0,66700.0,66469.0,66095.0,65857.0,65649.0,65144.0,64911.0,64415.0,64430.0,64404.0,64587.0,64231.0,63817.0,63508.0,63682.0,63710.0,63595.0,63397.0,62916.0,62541.0,62176.0,62282.0,62669.0,63210.0,63593.0,63729.0,63575.0,63760.0,64089.0,64957.0,65964.0,67098.0,67809.0,67989.0,67624.0,67501.0,67545.0,67855.0,68095.0,68117.0,68124.0,67744.0,67352.0,67002.0,67328.0,67818.0,68450.0,68478.0,68767.0,68859.0,68942.0,68999.0,69124.0,69460.0,69737.0,69851.0,70132.0,70379.0,70598.0,70588.0,70474.0,70580.0,71028.0,71420.0,71921.0,72192.0,72770.0,73364.0,73264.0,73191.0,73474.0,74686.0,75683.0,76467.0,77105.0,78073.0,78718.0,79584.0,80107.0,80730.0,80965.0,81315,81527,82088,82712,83605,84310,84859,85550,86212,86915,87505,88613,89561,90501,90757,91276,91598,92115,92640,93244,93829,94512,95249,95960,96755,97574
26,26,Boston,Massachusetts,Suffolk County,366469.0,368083.0,370587.0,373124.0,374323.0,376525.0,376864.0,376708.0,374541.0,373502.0,372221.0,372270.0,371855.0,371260.0,369498.0,367786.0,367221.0,366430.0,365843.0,364854.0,364428.0,363943.0,364665.0,365185.0,366004.0,366564.0,368668.0,370980.0,372845.0,373383.0,374816.0,376504.0,379776.0,383159.0,387534.0,392181.0,395554.0,399030.0,401133.0,404248.0,407537.0,412224.0,417073.0,422256.0,426719.0,430543.0,433384.0,434616.0,436863.0,441342.0,447307.0,452329.0,454332.0,457037.0,458202.0,460276.0,461347.0,464578.0,466938.0,470913.0,474008.0,476531.0,477082.0,478944.0,483902.0,488286.0,494928.0,499991.0,506687.0,510073.0,513507.0,518242.0,525596.0,528782.0,532359.0,532635.0,535836.0,538340.0,540054.0,542420.0,544849.0,549341.0,554994.0,557966.0,559235.0,563149.0,568186.0,575472.0,578310.0,582035.0,585583.0,590486.0,593359.0,595187.0,596654.0,598613.0,601674.0,606109,610745,613261,614264,615851,619298,622166,624819,626994,630537,633911,635153,632243,629815,629349,632128,633272,633104,632590,633204,634382,634489,635105,637141,641265,644743
27,27,Washington,District of Columbia,District of Columbia,417998.0,417549.0,416565.0,418269.0,422244.0,425273.0,426172.0,426428.0,425233.0,424469.0,422036.0,421496.0,419901.0,420354.0,419927.0,420081.0,418745.0,417465.0,416841.0,415693.0,415723.0,415059.0,414996.0,413353.0,414634.0,415652.0,418830.0,418592.0,418904.0,420641.0,424674.0,429801.0,434836.0,440585.0,446125.0,451755.0,453556.0,454383.0,454470.0,459538.0,466802.0,473007.0,477216.0,480866.0,484735.0,488705.0,492335.0,496190.0,502738.0,509887.0,517477.0,521527.0,523365.0,524127.0,525665.0,526888.0,527000.0,526076.0,526521.0,527259.0,526161.0,524934.0,523708.0,524486.0,525184.0,526777.0,528688.0,531099.0,534519.0,538815.0,540974.0,542268.0,542754.0,543996.0,545811.0,548523.0,552091.0,554890.0,556593.0,558369.0,559607.0,560041.0,562716.0,566065.0,571848.0,575874.0,579633.0,580291.0,579978.0,579403.0,580773.0,581795.0,583657.0,586195.0,588137.0,590457.0,590662.0,594259,593446,594892,595832,600709,605310,608157,610815,613104,616120,617749,618505,617463,620679,624001,627541,628114,628160,629709,631042,632441,633135,634526,637047,639503,640783
28,28,Portland,Oregon,Multnomah County,292857.0,294054.0,295373.0,296074.0,293969.0,291265.0,288355.0,285079.0,281326.0,278612.0,276941.0,276596.0,275631.0,272704.0,268124.0,264239.0,262165.0,262088.0,263167.0,264130.0,264965.0,264209.0,263759.0,261546.0,260438.0,260115.0,263453.0,266140.0,269057.0,270140.0,271235.0,273102.0,274830.0,277794.0,279303.0,282555.0,286292.0,291313.0,293892.0,296795.0,299730.0,303322.0,305868.0,307237.0,309673.0,311812.0,315583.0,318316.0,319615.0,320703.0,321658.0,324501.0,325113.0,326936.0,328963.0,332378.0,334933.0,337444.0,339525.0,342164.0,346389.0,350224.0,354384.0,355723.0,359521.0,363581.0,368354.0,373304.0,378363.0,384234.0,389572.0,394265.0,397559.0,399603.0,402626.0,408615.0,415810.0,421400.0,426359.0,429046.0,431977.0,433536.0,435502.0,439075.0,443168.0,448063.0,451442.0,453040.0,452542.0,452103.0,452708.0,454803.0,456897.0,458333.0,460008.0,459947.0,459906.0,460952,462819,464513,465514,466441,466243,465807,465128,464646,463470,464401,466321,466751,464822,463103,462716,463049,463698,464161,464655,465516,466681,466782,466124,465998,467621
31,31,Baltimore,Maryland,Baltimore City,149570.0,148228.0,148236.0,148336.0,148624.0,148026.0,147114.0,145502.0,143334.0,140994.0,138709.0,137284.0,135299.0,133209.0,130552.0,129065.0,127612.0,126433.0,124766.0,123417.0,122411.0,121462.0,120261.0,119309.0,118579.0,118984.0,119392.0,118998.0,118679.0,118447.0,118337.0,118129.0,117727.0,118441.0,119202.0,119652.0,120012.0,119973.0,120722.0,121355.0,121605.0,121713.0,122350.0,123349.0,124801.0,125493.0,126350.0,127202.0,128087.0,128771.0,128575.0,128930.0,129469.0,130211.0,130250.0,130173.0,129649.0,129179.0,129131.0,128991.0,129025.0,128925.0,129563.0,130081.0,130559.0,131084.0,131738.0,132675.0,133515.0,134047.0,133840.0,134048.0,134288.0,134923.0,134691.0,134494.0,134457.0,134369.0,134705.0,134885.0,135812.0,136921.0,138148.0,139249.0,139813.0,139410.0,139405.0,139399.0,139900.0,139884.0,140151.0,140518.0,140739.0,141056.0,141401.0,141399.0,141643.0,142347,143865,145251,146124,146789,147204,147578,148669,149633,150184,149946,149853,150616,150665,150530,150351,150722,151047,151376,151064,150764,150744,151521,152174,152141,152180
32,32,Milwaukee,Wisconsin,Milwaukee County,110457.0,110032.0,109819.0,109853.0,109679.0,108924.0,107870.0,105966.0,103487.0,101409.0,99746.0,98985.0,97660.0,96409.0,94631.0,92826.0,90927.0,89527.0,88058.0,87246.0,86762.0,86572.0,86426.0,85833.0,85199.0,84156.0,83226.0,82184.0,82027.0,82000.0,82561.0,82598.0,82726.0,82304.0,82118.0,81863.0,82247.0,82833.0,84153.0,86017.0,87472.0,88522.0,88936.0,89768.0,90817.0,91870.0,92576.0,92948.0,93190.0,93463.0,94243.0,94290.0,94226.0,94084.0,94868.0,95195.0,95022.0,94849.0,95082.0,95759.0,96026.0,96471.0,95871.0,96219.0,96546.0,97311.0,97389.0,97469.0,97880.0,98372.0,99070.0,99583.0,100267.0,100881.0,101704.0,102068.0,102456.0,102771.0,103137.0,103834.0,104620.0,105640.0,106284.0,106789.0,107070.0,107170.0,106983.0,107174.0,107794.0,108874.0,109687.0,110598.0,111181.0,111779.0,112188.0,113122.0,114708.0,116080,117764,118891,119985,120639,121497,122477,123524,124260,124946,125354,125536,126185,126976,128212,129075,129915,130746,131308,131909,132645,133566,134415,135081,135470,135570
34,34,Omaha,Nebraska,Douglas County,143545.0,143974.0,143220.0,143455.0,143213.0,142826.0,140861.0,138771.0,137074.0,135694.0,134545.0,133959.0,133962.0,134201.0,133980.0,132445.0,131524.0,130975.0,131318.0,131684.0,131627.0,131842.0,132013.0,131728.0,130572.0,129341.0,129429.0,130296.0,131226.0,131702.0,132360.0,132778.0,133397.0,133586.0,133950.0,134553.0,135935.0,137068.0,137140.0,136977.0,136770.0,137180.0,137191.0,137606.0,138025.0,138553.0,139026.0,139094.0,138955.0,139182.0,140208.0,141395.0,142067.0,142253.0,142622.0,142936.0,143210.0,143302.0,143287.0,143928.0,144462.0,145226.0,145492.0,146064.0,146821.0,147690.0,148361.0,148863.0,149363.0,150111.0,151229.0,151865.0,152725.0,152869.0,153179.0,152854.0,153142.0,153768.0,154859.0,156090.0,157198.0,158033.0,158330.0,158767.0,159240.0,160579.0,162202.0,164296.0,165537.0,166467.0,167001.0,167579.0,168520.0,169797.0,171286.0,172538.0,173443.0,174363,175078,176020,177099,178113,178731,179261,179637,180413,181102,182199,182938,183332,183863,184396,185309,186093,187317,188581,189823,190645,191553,192284,193507,194871,196202
35,35,Albuquerque,New Mexico,Bernalillo County,189050.0,188588.0,188490.0,187872.0,187272.0,186279.0,185471.0,184775.0,183606.0,181789.0,179994.0,178603.0,177774.0,177003.0,175985.0,174670.0,173537.0,172806.0,172401.0,171252.0,170469.0,170086.0,169988.0,169622.0,169079.0,168654.0,168426.0,168668.0,168866.0,168802.0,168641.0,169119.0,170003.0,170266.0,170493.0,170229.0,170267.0,170404.0,171040.0,171904.0,172692.0,173615.0,174291.0,175117.0,175196.0,175968.0,176244.0,177403.0,178271.0,178845.0,178769.0,178251.0,177959.0,177563.0,177227.0,176751.0,176736.0,176863.0,177801.0,178144.0,178270.0,177966.0,177714.0,177729.0,177845.0,178401.0,179280.0,180229.0,180843.0,180584.0,179591.0,179111.0,179455.0,180619.0,182073.0,183048.0,183691.0,183863.0,183952.0,183649.0,183599.0,184404.0,185797.0,187088.0,187474.0,187653.0,187245.0,187490.0,187738.0,188517.0,189426.0,190564.0,191554.0,191699.0,191834.0,191531.0,191732.0,192049,193148,194050,195018,195398,195148,195144,195324,196823,197835,199156,200277,201257,201980,202469,203085,204150,205725,207146,208548,209262,210364,211548,212921,214485,216090
36,36,Oklahoma City,Oklahoma,Oklahoma County,112812.0,112961.0,113225.0,113324.0,113477.0,113321.0,113130.0,112640.0,112174.0,111526.0,110822.0,110301.0,110216.0,110249.0,110106.0,109752.0,109227.0,108731.0,108345.0,108309.0,108431.0,108611.0,108547.0,108381.0,108036.0,107854.0,107798.0,107980.0,108314.0,108729.0,109072.0,109179.0,108958.0,108844.0,109103.0,109582.0,109997.0,109982.0,110029.0,110024.0,110058.0,110174.0,110457.0,110865.0,111406.0,111818.0,112181.0,112402.0,112798.0,113242.0,113610.0,113900.0,114362.0,114776.0,115110.0,115446.0,115884.0,116525.0,116872.0,117080.0,117056.0,117308.0,117713.0,118254.0,118604.0,118833.0,118977.0,119005.0,118914.0,118735.0,118813.0,119215.0,119980.0,120777.0,121374.0,121546.0,121648.0,121909.0,122386.0,122920.0,123396.0,123635.0,123881.0,124056.0,124030.0,123940.0,123947.0,124651.0,125368.0,126048.0,126403.0,126816.0,127372.0,128114.0,128792.0,129248.0,129532.0,129590,129759,129861,130055,129833,129650,129415,129565,129877,130392,131225,131879,132839,133183,133587,133783,134612,135571,136596,137343,137999,138593,139130,140010,140863,142220
40,40,Atlanta,Georgia,Fulton County,173800.0,172399.0,171607.0,171535.0,171605.0,170943.0,168980.0,167007.0,164055.0,161603.0,159040.0,158108.0,157288.0,156601.0,154871.0,152724.0,150048.0,147992.0,146553.0,145351.0,144885.0,144621.0,144296.0,143075.0,141720.0,140952.0,140842.0,141185.0,141888.0,142785.0,143570.0,144344.0,144764.0,145231.0,146223.0,147595.0,149465.0,150811.0,152859.0,154772.0,157061.0,159049.0,161541.0,164053.0,166816.0,169169.0,171436.0,173684.0,175804.0,178005.0,179175.0,180255.0,180995.0,182158.0,183579.0,185075.0,186417.0,187525.0,188324.0,189487.0,190722.0,192021.0,193623.0,195392.0,197770.0,199949.0,201408.0,202527.0,203994.0,205643.0,207776.0,208834.0,210469.0,212061.0,214403.0,216756.0,218319.0,219471.0,220354.0,221565.0,221781.0,223197.0,224801.0,227942.0,230447.0,233022.0,235114.0,236396.0,237735.0,239562.0,242052.0,244904.0,248629.0,251767.0,254417.0,256618.0,258593.0,260663,262602,265410,268662,272417,275752,278487,281128,283735,286153,287331,288366,288700,289503,290344,291514,291503,291531,291787,291906,292052,292513,293812,295430,297480,299308
41,41,Kansas City,Missouri,Jackson County,117884.0,117260.0,117055.0,117307.0,117494.0,117215.0,116652.0,115683.0,114481.0,113441.0,111929.0,110797.0,109846.0,109306.0,108272.0,106941.0,105224.0,103829.0,102648.0,101941.0,101319.0,100773.0,100564.0,100249.0,99944.0,99467.0,99313.0,99301.0,99342.0,99174.0,99117.0,99167.0,99461.0,99529.0,99608.0,99771.0,100057.0,100541.0,100777.0,100988.0,101343.0,102303.0,103329.0,103932.0,104205.0,104586.0,105107.0,105686.0,106347.0,106729.0,107284.0,107925.0,108827.0,109337.0,109521.0,109964.0,110465.0,111120.0,111716.0,112234.0,112554.0,112765.0,113216.0,113726.0,114183.0,114627.0,115259.0,115687.0,116186.0,116661.0,117297.0,117817.0,118396.0,119183.0,120070.0,120961.0,121901.0,122824.0,123753.0,124918.0,125997.0,127124.0,127946.0,129014.0,130087.0,131339.0,132381.0,133271.0,134040.0,134970.0,136119.0,137119.0,138344.0,139491.0,140807.0,141924.0,143145.0,144226,145116,146145,147172,148246,149008,149969,150922,151839,152648,153754,154673,155463,155730,156023,156351,156844,157445,157934,158358,158872,159476,159926,160485,161195,162487
44,44,Virginia Beach,Virginia,Virginia Beach City,267042.0,267680.0,268209.0,268338.0,268357.0,267795.0,265577.0,263434.0,261449.0,260584.0,259399.0,257858.0,255387.0,253135.0,251670.0,251212.0,249814.0,247978.0,247737.0,248554.0,248988.0,248151.0,246875.0,246298.0,245724.0,245688.0,244773.0,244233.0,244572.0,245695.0,246386.0,245426.0,245127.0,245017.0,245983.0,246324.0,247726.0,248823.0,250158.0,250068.0,249863.0,249341.0,249771.0,250618.0,251374.0,252241.0,252879.0,253506.0,254170.0,254330.0,254653.0,255256.0,255743.0,256650.0,255998.0,255830.0,255422.0,255948.0,256024.0,256152.0,255673.0,256728.0,257643.0,258327.0,258502.0,258707.0,259736.0,260375.0,261266.0,261252.0,261731.0,262635.0,263592.0,262840.0,261600.0,261261.0,261795.0,262002.0,262492.0,263564.0,264487.0,265109.0,265327.0,265073.0,265205.0,265712.0,267097.0,268232.0,269493.0,270568.0,270762.0,270220.0,269886.0,270154.0,270652.0,271500.0,272128.0,272873,273045,273416,273765,274288,275107,276028,276440,276738,277109,277545,277304,277429,277959,278818,279059,279374,279861,280578,281662,282686,283666,284575,286102,287349,288499
47,47,Minneapolis,Minnesota,Hennepin County,196734.0,197928.0,198816.0,198456.0,197093.0,195430.0,194336.0,192489.0,190600.0,188506.0,187271.0,186209.0,184189.0,181793.0,179332.0,178192.0,177540.0,176261.0,174373.0,172486.0,170502.0,168419.0,166277.0,164739.0,164657.0,165035.0,165608.0,165470.0,164937.0,166189.0,167849.0,170251.0,172462.0,175553.0,178674.0,181222.0,182659.0,183669.0,184648.0,185966.0,188125.0,189704.0,191831.0,193804.0,196558.0,198553.0,199945.0,200903.0,202319.0,203473.0,205297.0,207121.0,209465.0,210944.0,211322.0,210922.0,210028.0,209292.0,209154.0,210229.0,211135.0,213433.0,214916.0,217000.0,217730.0,218418.0,219524.0,220802.0,222512.0,224215.0,226066.0,227386.0,229325.0,230773.0,232282.0,232725.0,232935.0,234066.0,235224.0,237176.0,238741.0,240829.0,242364.0,243742.0,244251.0,244656.0,245935.0,247980.0,250759.0,252528.0,254754.0,256223.0,257672.0,258445.0,260164.0,262258.0,265176.0,267809,269855,270887,272041,273757,275404,277111,278223,279520,279682,280004,280393,281380,282170,282933,283274,283759,284001,284379,285276,286258,287748,288978,289898,290556,291476
48,48,Honolulu,Hawaii,Honolulu County,485514.0,492360.0,494683.0,496629.0,497449.0,504522.0,510203.0,515398.0,517974.0,519359.0,522933.0,521937.0,520608.0,516260.0,515023.0,509774.0,505304.0,500242.0,498270.0,495568.0,493950.0,495614.0,494895.0,495104.0,496195.0,498955.0,504913.0,510147.0,515766.0,516933.0,518050.0,519912.0,523724.0,526080.0,530493.0,534075.0,533139.0,532207.0,529814.0,534804.0,540988.0,547696.0,554537.0,562602.0,571765.0,579558.0,585648.0,593820.0,604373.0,613911.0,620820.0,623123.0,623045.0,625379.0,627365.0,630379.0,631353.0,632021.0,633932.0,635445.0,637930.0,639367.0,641857.0,645016.0,649392.0,652238.0,654868.0,654617.0,654096.0,654661.0,656263.0,656533.0,656653.0,658106.0,660243.0,661833.0,662649.0,664984.0,667312.0,672278.0,677412.0,682581.0,684958.0,687869.0,689661.0,691031.0,692253.0,694211.0,699337.0,702869.0,706126.0,705683.0,707535.0,709417.0,713087.0,715886.0,718461.0,720686,722572,724998,725130,725246,725178,727508,728416,728628,727683,726790,725823,725446,725089,724382,723241,722252,721266,719525,717406,715430,713667,711853,710052,707657,705049
50,50,New Orleans,Louisiana,Orleans Parish,171330.0,173198.0,175034.0,175350.0,175648.0,175464.0,175047.0,174755.0,173571.0,173031.0,172471.0,173230.0,173916.0,174188.0,173298.0,172210.0,171004.0,170304.0,169830.0,169555.0,169756.0,169635.0,169831.0,168463.0,167079.0,166042.0,166522.0,168836.0,171008.0,172375.0,173048.0,173449.0,173926.0,175062.0,176336.0,177806.0,179418.0,181212.0,183031.0,183461.0,183953.0,185115.0,186901.0,188893.0,190710.0,192464.0,194256.0,196569.0,198167.0,198621.0,198642.0,198795.0,198941.0,199277.0,199789.0,201096.0,201600.0,202542.0,202739.0,203277.0,204136.0,205953.0,207824.0,209998.0,212945.0,215713.0,218312.0,219662.0,222189.0,222914.0,224599.0,225614.0,227310.0,228488.0,229103.0,230527.0,231636.0,232917.0,232847.0,232956.0,232643.0,233971.0,234977.0,235829.0,235521.0,235123.0,235392.0,234483.0,233139.0,231619.0,232035.0,232960.0,233351.0,233404.0,233716.0,234004.0,235395.0,236788,238307,239021,238943,238898,237598,236960,235873,235718,234349,233285,232078,232129,232073,232137,232489,233287,234342,234624,235478,235525,236414,237187,237801,237545,237225
54,55,Wichita,Kansas,Sedgwick County,120089.0,120092.0,119967.0,119472.0,119121.0,118832.0,118534.0,117996.0,117389.0,116764.0,116204.0,115701.0,115353.0,115032.0,114506.0,113880.0,113662.0,113374.0,112837.0,112244.0,111751.0,111564.0,111146.0,110927.0,110499.0,110357.0,110323.0,110462.0,110237.0,110243.0,110282.0,110567.0,110415.0,109999.0,109995.0,109800.0,109836.0,109569.0,109649.0,109714.0,109920.0,109765.0,109765.0,109595.0,109798.0,110061.0,110050.0,110145.0,110242.0,110465.0,110512.0,110435.0,110071.0,109850.0,109736.0,110100.0,110433.0,110705.0,111097.0,111499.0,111861.0,112204.0,112500.0,112976.0,113692.0,114566.0,115190.0,115346.0,115326.0,115425.0,115669.0,115841.0,116122.0,116296.0,116471.0,116513.0,116801.0,116941.0,117332.0,117579.0,118119.0,118634.0,119041.0,119541.0,119862.0,120473.0,121070.0,121720.0,121815.0,121921.0,122013.0,122811.0,123548.0,124199.0,124432.0,124596.0,124849.0,125109,125338,125499,125844,126201,126549,126813,127189,127760,128767,129882,130663,131026,131248,131780,132434,133173,133905,134432,134896,135299,135637,135955,136570,137491,138575
63,64,Columbia,South Carolina,Richland County,138861.0,138128.0,137583.0,137550.0,137865.0,137947.0,137715.0,137276.0,136683.0,135897.0,135341.0,134738.0,134466.0,134000.0,133534.0,132680.0,131931.0,131157.0,130482.0,129731.0,128967.0,128312.0,127470.0,126868.0,126388.0,126165.0,125825.0,125564.0,125182.0,124631.0,123964.0,123277.0,123027.0,122849.0,122902.0,122715.0,122359.0,122043.0,121770.0,121536.0,121382.0,121578.0,122019.0,122427.0,122720.0,122864.0,122862.0,122970.0,123049.0,123002.0,122788.0,122708.0,122321.0,121939.0,121314.0,121123.0,120533.0,119919.0,119538.0,119389.0,119379.0,119261.0,119344.0,119340.0,119603.0,119904.0,120496.0,120860.0,121540.0,122626.0,123394.0,123456.0,123524.0,123922.0,124774.0,125408.0,126178.0,126778.0,127358.0,127943.0,128495.0,128706.0,129087.0,129998.0,130828.0,131373.0,131422.0,131784.0,131959.0,132132.0,132069.0,132142.0,132219.0,132341.0,132355.0,132522.0,132750.0,133481,134147,134795,135185,135733,136417,137046,137624,137992,138645,139287,140162,140554,140850,141118,141592,142115,142647,143169,143737,144522,145130,145602,145903,146404,147135
74,75,Anchorage,Alaska,Anchorage Borough,269926.0,269576.0,269348.0,269467.0,270204.0,270331.0,270466.0,270816.0,271116.0,270967.0,270127.0,269725.0,268703.0,267848.0,266067.0,264511.0,263424.0,263462.0,263823.0,264167.0,264285.0,264732.0,265126.0,265850.0,266807.0,267672.0,268853.0,270195.0,271601.0,271589.0,271295.0,270770.0,271392.0,271981.0,272779.0,272251.0,272554.0,273311.0,274895.0,275575.0,276242.0,278217.0,280052.0,281648.0,281969.0,282285.0,282960.0,284081.0,284616.0,285425.0,286043.0,286743.0,286323.0,285404.0,285527.0,286769.0,288289.0,289700.0,290015.0,290801.0,291114.0,290789.0,290393.0,291212.0,293585.0,295646.0,296481.0,296251.0,295718.0,295121.0,295616.0,296585.0,298197.0,299867.0,300722.0,300245.0,298677.0,297280.0,296366.0,295646.0,295583.0,295852.0,296108.0,295577.0,294869.0,293395.0,292425.0,291495.0,291790.0,292367.0,293021.0,293780.0,294569.0,295436.0,295694.0,296244.0,296935.0,297041,296709,294515,294400,294628,296674,297262,297183,297053,297114,297642,298161,302213,306036,312136,314454,317062,318174,320343,322813,325144,327511,329360,330973,329885,328889
81,82,Newark,New Jersey,Essex County,277388.0,272105.0,267815.0,263828.0,260701.0,256757.0,250824.0,244953.0,238107.0,234550.0,231420.0,228434.0,223015.0,219725.0,216466.0,214868.0,211487.0,209927.0,208915.0,208464.0,206488.0,203445.0,199982.0,198578.0,198194.0,197780.0,196506.0,193859.0,192489.0,190291.0,189036.0,187311.0,187601.0,187727.0,187965.0,188000.0,187262.0,186166.0,184254.0,182911.0,180730.0,179668.0,178122.0,176963.0,175139.0,173527.0,173452.0,171756.0,171653.0,170893.0,171991.0,173172.0,174462.0,175744.0,176314.0,177875.0,178607.0,179767.0,178915.0,178997.0,178810.0,179468.0,180240.0,180745.0,182301.0,183051.0,184437.0,185088.0,186492.0,187320.0,189595.0,191822.0,193119.0,194122.0,194945.0,196565.0,197440.0,198373.0,199842.0,201074.0,203348.0,205646.0,207521.0,209367.0,211746.0,214341.0,216046.0,216644.0,217598.0,218829.0,220269.0,222074.0,222771.0,223919.0,224204.0,225321.0,227089.0,229179,231451,234542,238315,242144,244517,247159,250247,254569,258071,261303,263124,266235,268530,270318,270857,272114,274375,276341,278344,279148,281219,283109,285720,287121,289358
91,92,Mobile,Alabama,Mobile County,131428.0,131443.0,130404.0,128885.0,127416.0,126329.0,125068.0,123758.0,122355.0,121507.0,120179.0,118391.0,115884.0,113605.0,112752.0,112558.0,112351.0,111396.0,110746.0,110247.0,109794.0,108634.0,107693.0,107209.0,107076.0,106370.0,105162.0,103912.0,103513.0,103744.0,103529.0,102981.0,102476.0,102673.0,103180.0,103453.0,104034.0,104936.0,105706.0,105707.0,104836.0,103872.0,103649.0,103824.0,104011.0,103992.0,103635.0,103561.0,103291.0,103219.0,102961.0,103148.0,103570.0,104232.0,104614.0,104998.0,105190.0,105200.0,105234.0,104981.0,104624.0,104119.0,104480.0,104805.0,105359.0,105395.0,105684.0,105735.0,105900.0,105993.0,106107.0,106349.0,106743.0,107428.0,107662.0,108247.0,108501.0,109021.0,109112.0,109329.0,109464.0,109858.0,110548.0,111341.0,111947.0,112398.0,112652.0,112887.0,112843.0,112917.0,113128.0,113602.0,114310.0,114857.0,115097.0,115354.0,115764.0,115929,116124,116243,117124,117820,118537,118868,119187,119345,119733,119964,120432,120836,121471,121983,122331,122701,123093,123664,124175,124873,125517,126278,126845,127648,128357
104,105,Boise,Idaho,Ada County,178108.0,177981.0,176221.0,175424.0,174173.0,171915.0,169443.0,166744.0,164254.0,162373.0,160537.0,158722.0,157204.0,155115.0,154008.0,151757.0,150008.0,149265.0,149530.0,149542.0,149780.0,149696.0,150422.0,150430.0,150078.0,150238.0,151075.0,154335.0,157426.0,159974.0,161772.0,164536.0,167140.0,169811.0,170960.0,173769.0,177899.0,181632.0,185187.0,186189.0,188274.0,189790.0,192448.0,194295.0,195401.0,196857.0,199212.0,200844.0,201080.0,201132.0,201095.0,201681.0,201328.0,201615.0,201330.0,201135.0,201827.0,202564.0,203498.0,203978.0,204376.0,205409.0,206285.0,208101.0,209860.0,211543.0,212589.0,213803.0,214474.0,214620.0,214559.0,215465.0,218426.0,220538.0,222509.0,222765.0,224025.0,225022.0,226418.0,227796.0,229851.0,232290.0,234171.0,235745.0,235795.0,237318.0,238689.0,242043.0,243858.0,246171.0,248250.0,250445.0,252686.0,254923.0,258429.0,261128.0,263843.0,265839,268519,271470,275618,280207,284785,288037,290920,293704,297087,300659,304508,306974,309576,311209,313335,314644,316159,318901,321962,325175,327419,330139,333088,337402,341449
125,126,Des Moines,Iowa,Polk County,115395.0,115289.0,115470.0,115652.0,115651.0,115293.0,114598.0,113750.0,112722.0,111623.0,110738.0,110005.0,109692.0,109219.0,108620.0,107748.0,106815.0,105970.0,105353.0,104878.0,104489.0,104176.0,104028.0,103958.0,103373.0,102845.0,102502.0,102747.0,103151.0,103528.0,104038.0,104577.0,105291.0,106057.0,106608.0,107080.0,107687.0,108386.0,108810.0,108724.0,108845.0,109173.0,109610.0,109918.0,110135.0,110307.0,110549.0,110746.0,111207.0,111562.0,112055.0,112545.0,112804.0,113033.0,113024.0,113040.0,113062.0,113069.0,113021.0,112969.0,113153.0,113540.0,114104.0,114715.0,115351.0,115940.0,116593.0,117422.0,118371.0,119209.0,120026.0,120814.0,121366.0,121921.0,122370.0,122958.0,123593.0,124318.0,125064.0,125486.0,125547.0,125925.0,126510.0,127140.0,127732.0,128349.0,129178.0,129816.0,130465.0,130977.0,131590.0,132332.0,133458.0,134300.0,135253.0,136362.0,137097.0,137465,137499,138237,139177,139828,140408,141022,141891,142783,143233,143600,144131,145255,146158,146632,146677,147215,147721,148180,148300,148463,148839,149155,149507,149540,149824
148,150,Salt Lake City,Utah,Salt Lake County,238723.0,239173.0,239649.0,239690.0,239679.0,238565.0,236861.0,234021.0,232699.0,231612.0,230351.0,228209.0,225634.0,223539.0,222040.0,220293.0,218769.0,217411.0,216887.0,217325.0,216589.0,216035.0,215467.0,216111.0,216765.0,217867.0,218471.0,219883.0,221808.0,224063.0,226006.0,227166.0,229053.0,230916.0,233314.0,235759.0,237976.0,240030.0,242196.0,245548.0,247878.0,250700.0,253056.0,256183.0,258845.0,261277.0,262913.0,264131.0,265733.0,267174.0,268800.0,267960.0,267808.0,267054.0,266941.0,266998.0,267078.0,267852.0,268900.0,269385.0,270511.0,271685.0,273874.0,276445.0,278719.0,280931.0,283043.0,285778.0,288669.0,291289.0,293098.0,295196.0,296903.0,298407.0,299055.0,300399.0,302628.0,304912.0,307478.0,308472.0,310411.0,312046.0,315633.0,319512.0,322913.0,325681.0,328032.0,330985.0,333651.0,337276.0,340136.0,343799.0,346106.0,349200.0,351362.0,353637.0,354256.0,356712,360348,365269,369537,372379,375654,377908,380690,383598,386819,389998,393591,396833,398958,400057,401008,402807,404566,407031,409532,411503,413180,414645,416737,418201,419987
151,153,Little Rock,Arkansas,Pulaski County,144170.0,144643.0,144749.0,144770.0,144936.0,144694.0,144097.0,143232.0,142629.0,142229.0,141822.0,141104.0,139910.0,138853.0,138280.0,137563.0,136463.0,135645.0,135333.0,135582.0,135297.0,134981.0,134372.0,134121.0,134315.0,134547.0,134893.0,135317.0,136079.0,136395.0,136414.0,136109.0,136447.0,136724.0,137427.0,137829.0,138020.0,138139.0,137780.0,137800.0,137622.0,138081.0,138465.0,138897.0,138905.0,138617.0,138100.0,137592.0,137432.0,137489.0,137859.0,137977.0,138035.0,137730.0,137441.0,137313.0,137411.0,137930.0,138065.0,138578.0,138763.0,138868.0,138650.0,138416.0,138577.0,138943.0,139454.0,139846.0,140404.0,141077.0,142224.0,142811.0,143259.0,143736.0,144313.0,144799.0,144579.0,144312.0,143926.0,143717.0,143183.0,142188.0,141244.0,140663.0,140817.0,140784.0,141241.0,141653.0,142691.0,143308.0,143958.0,144300.0,144696.0,145342.0,145869.0,146445.0,146797.0,147242,147380,147338,147366,147580,148018,148111,148500,148816,149470,149934,150420,150752,150702,150547,150232,150291,150195,150515,150695,150953,151040,151242,151444,151815,152585
165,167,Providence,Rhode Island,Providence County,177792.0,178160.0,178795.0,178949.0,179577.0,179518.0,178807.0,177897.0,176335.0,175191.0,173942.0,172025.0,169873.0,167791.0,165910.0,163319.0,160472.0,158686.0,157229.0,155895.0,154718.0,152954.0,151087.0,149837.0,149110.0,148116.0,146950.0,146342.0,146134.0,145708.0,146007.0,146371.0,146579.0,146906.0,147663.0,149148.0,150607.0,152561.0,154117.0,155701.0,157143.0,158329.0,159198.0,160278.0,161713.0,162968.0,163567.0,163428.0,163274.0,163047.0,163053.0,163284.0,163614.0,164473.0,164686.0,164797.0,164746.0,165346.0,166528.0,167940.0,169058.0,169491.0,170266.0,170807.0,171674.0,172416.0,173627.0,174117.0,173535.0,173268.0,173468.0,174261.0,175762.0,178222.0,180423.0,181345.0,181686.0,181693.0,182480.0,183912.0,187668.0,190191.0,191993.0,192076.0,191750.0,191749.0,191840.0,194816.0,198025.0,201539.0,203212.0,204587.0,205209.0,206793.0,208750.0,211791.0,214709.0,217152,219133,219271,219662,220341,222708,225153,226518,226887,226842,227303,227343,227189,227719,229324,230706,231475,231831,232258,233496,235372,237624,239404,241767,244540,247135
169,171,Sioux Falls,South Dakota,Minnehaha County,151624.0,151732.0,151823.0,151968.0,152149.0,152184.0,152071.0,151954.0,151759.0,151543.0,151228.0,150899.0,150531.0,150181.0,149895.0,149608.0,149325.0,149564.0,149854.0,150109.0,150061.0,150132.0,150320.0,150423.0,150405.0,150480.0,150536.0,150671.0,150823.0,150508.0,150372.0,150380.0,150881.0,151322.0,151595.0,151961.0,152418.0,152958.0,153536.0,154088.0,154598.0,155229.0,155757.0,156216.0,156570.0,156887.0,157363.0,157865.0,158259.0,158547.0,158681.0,158910.0,159266.0,159681.0,160103.0,160423.0,161090.0,161824.0,162597.0,162904.0,163474.0,164146.0,164920.0,165492.0,165971.0,166751.0,167664.0,168701.0,168865.0,169074.0,169203.0,170163.0,171019.0,171829.0,172973.0,174272.0,175537.0,176209.0,176793.0,177495.0,178727.0,179859.0,181080.0,181995.0,182960.0,183876.0,184508.0,185256.0,186033.0,187081.0,187956.0,188776.0,189612.0,190388.0,191146.0,191716.0,192324.0,192954,193768,194635,195600,196630,197828,198971,200107,201226,202358,203312,204023,204552,205014,205436,205809,206157,206500,206924,207309,207797,208298,209102,210100,211277,212513
185,188,Jackson,Mississippi,Hinds County,45372.0,45461.0,45416.0,44964.0,44588.0,44633.0,44854.0,45214.0,45396.0,45387.0,45017.0,44965.0,44945.0,45258.0,45131.0,44676.0,43570.0,42156.0,40792.0,39534.0,38392.0,37566.0,36843.0,36226.0,35612.0,34905.0,34075.0,33469.0,33437.0,33738.0,33857.0,33616.0,33196.0,32923.0,32974.0,33111.0,33100.0,33204.0,33747.0,34440.0,34777.0,34741.0,34523.0,34321.0,34255.0,33981.0,33544.0,32875.0,32409.0,31968.0,31582.0,31198.0,31184.0,31156.0,31351.0,31780.0,32570.0,33497.0,34459.0,35495.0,36436.0,37356.0,38013.0,38486.0,38652.0,39087.0,39750.0,40321.0,40240.0,40016.0,39705.0,39573.0,39437.0,39354.0,39298.0,39130.0,39183.0,39364.0,39454.0,39485.0,39694.0,39904.0,40081.0,40111.0,40288.0,40221.0,40271.0,40466.0,40632.0,40524.0,40249.0,40457.0,40737.0,41171.0,41705.0,42367.0,42774.0,42989,43047,43390,43661,43840,44183,44236,44419,43974,43776,43503,43520,43562,43700,43663,43556,43599,43589,43535,43298,43424,43298,43159,42865,42664,42402
231,235,Bridgeport,Connecticut,Fairfield County,173928.0,173335.0,173502.0,174615.0,174960.0,173626.0,171474.0,169324.0,167424.0,165042.0,162594.0,160879.0,159727.0,158302.0,155854.0,152748.0,150398.0,149132.0,148008.0,146065.0,144856.0,144379.0,144629.0,143546.0,142254.0,140603.0,139353.0,138686.0,138208.0,137698.0,137508.0,138124.0,138444.0,138603.0,138292.0,138121.0,138432.0,139163.0,140591.0,141258.0,142395.0,143100.0,143888.0,144083.0,144390.0,144702.0,144974.0,145949.0,147105.0,148576.0,148585.0,148723.0,147784.0,147624.0,147484.0,147522.0,147693.0,147356.0,147483.0,147110.0,146021.0,144671.0,144246.0,144811.0,145914.0,147060.0,148062.0,149438.0,150186.0,150628.0,150172.0,149990.0,150680.0,151958.0,153397.0,154064.0,153935.0,153352.0,152403.0,151697.0,151374.0,152600.0,154848.0,157476.0,159837.0,161277.0,162656.0,163617.0,166336.0,168291.0,170883.0,172147.0,174102.0,175322.0,176808.0,177711.0,178661.0,179892,180753,181435,180757,182029,183831,186438,188106,189218,190284,191244,191745,192248,192724,194278,195955,196702,196823,197027,197661,198850,199809,201133,202897,204774,206963
255,260,Billings,Montana,Yellowstone County,196026.0,196303.0,196878.0,197765.0,198974.0,199955.0,200432.0,200852.0,201142.0,201351.0,201279.0,201154.0,201075.0,200492.0,200188.0,200180.0,200842.0,200661.0,200721.0,199731.0,199791.0,199691.0,200103.0,200218.0,200578.0,201393.0,201980.0,202440.0,202469.0,203242.0,204070.0,206084.0,207327.0,208408.0,208693.0,209593.0,210540.0,211599.0,212409.0,213433.0,214301.0,215041.0,215092.0,215424.0,215522.0,216817.0,219132.0,221224.0,223046.0,223706.0,225368.0,226464.0,227462.0,228745.0,231870.0,233585.0,236191.0,236354.0,236968.0,236494.0,236650.0,237829.0,237901.0,238142.0,238636.0,240375.0,240308.0,240361.0,238799.0,239537.0,239328.0,239459.0,238343.0,237240.0,237132.0,237249.0,237773.0,236323.0,236033.0,235989.0,236566.0,235724.0,235036.0,235762.0,237819.0,239371.0,240280.0,240957.0,240963.0,240773.0,240061.0,240088.0,241294.0,242723.0,244015.0,243989.0,242580.0,242217,241384,242072,243129,245122,247038,246823,247300,248492,250651,251614,252888,253836,255302,255194,254767,254768,254970,256522,257000,257139,256682,257590,258801,259960,261173
333,339,Manchester,New Hampshire,Hillsborough County,208159.0,207961.0,208067.0,208045.0,208038.0,207566.0,207414.0,206662.0,205741.0,204334.0,203185.0,202173.0,200741.0,199265.0,197515.0,196884.0,195346.0,193229.0,190613.0,188893.0,187452.0,186215.0,184702.0,182976.0,181948.0,180957.0,179766.0,178196.0,177519.0,177879.0,178862.0,179157.0,179375.0,179348.0,179799.0,180721.0,181691.0,183021.0,184490.0,185705.0,186818.0,187665.0,188543.0,189921.0,191496.0,192935.0,193421.0,193576.0,193318.0,193096.0,193011.0,193689.0,194154.0,194817.0,194884.0,194773.0,194572.0,195038.0,196248.0,197017.0,197760.0,198432.0,199839.0,201121.0,202834.0,203872.0,205363.0,206247.0,206651.0,206420.0,206692.0,208091.0,209324.0,209969.0,209990.0,210197.0,210280.0,210278.0,210003.0,210618.0,212133.0,214034.0,215039.0,215355.0,216277.0,218079.0,219422.0,220608.0,221609.0,223610.0,225403.0,226913.0,228033.0,229602.0,231670.0,233605.0,234888.0,235549,236895,238246,239256,239580,240345,241715,243069,243734,243868,244620,245448,246522,246801,247228,248159,249449,250635,251430,252386,253730,255575,257279,259294,261428,264144
344,350,Fargo,North Dakota,Cass County,184252.0,183266.0,181396.0,180244.0,180181.0,180923.0,182089.0,182604.0,183569.0,183564.0,183438.0,182635.0,182214.0,181773.0,181822.0,181956.0,181082.0,178854.0,176550.0,175047.0,173743.0,172631.0,171604.0,170837.0,169994.0,169319.0,169118.0,169176.0,169864.0,171137.0,172192.0,172636.0,172731.0,173256.0,174433.0,175924.0,177564.0,179106.0,180330.0,181055.0,181584.0,182011.0,182938.0,183549.0,184689.0,184994.0,186373.0,187409.0,188707.0,189218.0,189431.0,189982.0,190541.0,191643.0,192469.0,194657.0,196507.0,200150.0,200538.0,201219.0,200604.0,202018.0,203852.0,206249.0,209413.0,211913.0,213670.0,214143.0,214290.0,214103.0,215529.0,216984.0,219034.0,220707.0,222213.0,223045.0,222517.0,222168.0,222375.0,223193.0,224080.0,224417.0,224330.0,224447.0,224318.0,223561.0,222364.0,221883.0,222087.0,223083.0,223826.0,224013.0,224262.0,224294.0,225327.0,225742.0,226271.0,226321,227358,227918,228553,227865,227655,227534,227724,227472,227125,226726,227057,227861,227970,228032,227788,228302,228445,228653,228538,228938,228916,229150,228766,228354,228045
448,456,Cheyenne,Wyoming,Laramie County,198735.0,199409.0,200079.0,200941.0,202234.0,202965.0,202479.0,201769.0,201240.0,201686.0,201495.0,200979.0,200115.0,200069.0,200944.0,201950.0,201470.0,199901.0,199174.0,199862.0,200982.0,200230.0,199820.0,199026.0,199544.0,199651.0,198610.0,197659.0,197925.0,200249.0,201642.0,201545.0,200628.0,201906.0,203081.0,205493.0,206236.0,207180.0,207937.0,208821.0,209542.0,208887.0,208400.0,208480.0,210055.0,211571.0,213070.0,213188.0,213693.0,214007.0,215435.0,216549.0,217369.0,217963.0,219055.0,219782.0,220439.0,220050.0,220221.0,220927.0,221810.0,222592.0,222492.0,223031.0,224084.0,225969.0,227578.0,230127.0,231618.0,233187.0,233682.0,234477.0,235093.0,236050.0,237195.0,237995.0,238616.0,239244.0,240236.0,239472.0,238570.0,238133.0,239472.0,240494.0,241369.0,241993.0,243033.0,243900.0,244478.0,244739.0,244685.0,246533.0,248974.0,251545.0,252679.0,253544.0,254873.0,257011,258317,260079,260903,262752,263582,263882,264267,264769,267011,268397,269911,269763,271201,272480,274537,276004,278437,280708,282729,284564,285514,287466,289239,292104,294139
831,844,New Castle,Delaware,New Castle County,188876.0,188602.0,188133.0,187447.0,187342.0,187161.0,186418.0,184867.0,182966.0,180861.0,178293.0,176270.0,174566.0,173562.0,172225.0,170981.0,169046.0,167579.0,166629.0,166436.0,165718.0,164827.0,164120.0,163488.0,162453.0,160424.0,158633.0,157253.0,156818.0,156094.0,155162.0,152674.0,150983.0,148310.0,147149.0,145199.0,144351.0,144250.0,145124.0,145168.0,144933.0,144774.0,145218.0,146782.0,147909.0,150006.0,151018.0,152665.0,153843.0,154495.0,154711.0,154835.0,155287.0,155406.0,155599.0,155745.0,156313.0,157227.0,157824.0,158462.0,159115.0,160147.0,160937.0,162507.0,163629.0,164892.0,165356.0,166125.0,166727.0,166890.0,167299.0,167606.0,167834.0,168366.0,169230.0,170464.0,171845.0,173586.0,175601.0,177101.0,178257.0,179292.0,180569.0,182016.0,183540.0,184467.0,184746.0,184339.0,184139.0,184369.0,184528.0,184857.0,185286.0,185982.0,186381.0,186505.0,186583.0,187382,188493,189971,191255,192273,193389,194403,195424,196280,197386,198044,198836,199119,199741,200038,200083,200096,199946,199800,199580,199282,198767,198560,198130,197704,196850
1013,1031,Morgantown,West Virginia,Monongalia County,163384.0,163113.0,163052.0,163371.0,163875.0,164209.0,164408.0,164430.0,164078.0,163441.0,162727.0,162450.0,162099.0,161926.0,161334.0,160718.0,160127.0,160090.0,160412.0,160598.0,161338.0,162157.0,162991.0,163016.0,163320.0,163649.0,164360.0,164687.0,164960.0,164776.0,164618.0,164674.0,165135.0,165530.0,165899.0,166158.0,166333.0,166549.0,166758.0,167168.0,167507.0,167998.0,168433.0,168970.0,169334.0,169801.0,170212.0,170665.0,171111.0,171455.0,171768.0,171993.0,172383.0,172778.0,173277.0,173666.0,174130.0,174646.0,175344.0,175976.0,176310.0,176628.0,176981.0,177582.0,178049.0,178418.0,178711.0,179058.0,179523.0,179705.0,179795.0,179844.0,180200.0,180748.0,181280.0,181823.0,182236.0,182674.0,182984.0,183192.0,183241.0,183484.0,183651.0,183894.0,183639.0,183764.0,183898.0,184452.0,184869.0,185401.0,186075.0,186814.0,187558.0,188407.0,189414.0,190507.0,192289.0,192884,193303,192739,192898,192964,192989,193100,193203,193185,193597,194210,194733,195293,195780,196634,197238,197913,198527,199017,199503,199975,200025,199830,199414,199401,199463
1722,1753,Bangor,Maine,Penobscot County,128579.0,128317.0,128061.0,128051.0,128075.0,128239.0,128279.0,128243.0,127980.0,127655.0,127306.0,126987.0,126849.0,126713.0,126619.0,126436.0,126311.0,126198.0,126111.0,125976.0,125953.0,125893.0,125650.0,125213.0,124786.0,124551.0,124502.0,124351.0,124125.0,123991.0,124159.0,124579.0,124975.0,125321.0,125125.0,124825.0,124696.0,124746.0,124668.0,124280.0,123994.0,124108.0,124319.0,124763.0,125107.0,125452.0,127096.0,128780.0,129404.0,128590.0,127186.0,127224.0,128436.0,129048.0,128586.0,126880.0,125829.0,125512.0,124945.0,124781.0,125706.0,127862.0,130848.0,132455.0,132136.0,131957.0,132682.0,134885.0,136189.0,136673.0,136783.0,136921.0,136992.0,136821.0,136709.0,136750.0,137300.0,136945.0,136773.0,136160.0,136636.0,137106.0,137681.0,137893.0,137668.0,137656.0,137326.0,137665.0,138385.0,139869.0,140949.0,141524.0,141590.0,141894.0,142478.0,143167.0,144236.0,144908,145762,146082,146376,146939,147713,149112,149831,150201,150403,151240,151600,152544,152875,153932,154262,154589,154966,155246,156219,157474,158792,159731,161044,162163,163870
2858,2927,Rutland,Vermont,Rutland County,189402.0,189299.0,189292.0,189399.0,189456.0,189333.0,189169.0,188927.0,188556.0,187895.0,187016.0,186294.0,185759.0,185298.0,184884.0,184438.0,183872.0,183572.0,183460.0,183379.0,183302.0,183245.0,183324.0,183046.0,182648.0,182171.0,181639.0,181332.0,181115.0,180861.0,180403.0,180112.0,179902.0,179765.0,179584.0,179484.0,179223.0,178761.0,178460.0,178027.0,177614.0,177043.0,176502.0,176114.0,175754.0,175409.0,175005.0,174629.0,174485.0,174466.0,174249.0,174042.0,173946.0,174073.0,174377.0,174215.0,174114.0,173824.0,173724.0,173692.0,173763.0,173872.0,173798.0,173525.0,173289.0,172856.0,172264.0,171739.0,171192.0,170926.0,170543.0,170118.0,169615.0,169251.0,169266.0,169411.0,169311.0,169234.0,169174.0,169291.0,169325.0,169302.0,169314.0,169384.0,169220.0,169065.0,168942.0,169049.0,169341.0,169783.0,170362.0,170837.0,171272.0,171649.0,172043.0,172435.0,173044.0,173575,173966,174151,174207,174251,174284,174469,174674,175163,175816,176545,177035,177855,178832,179972,180931,181834,182662,183348,184010,184433,184669,184780,184956,184829,184541
