RegionID,SizeRank,RegionName,RegionType,StateName,2018-01-31,2018-02-28,2018-03-31,2018-04-30,2018-05-31,2018-06-30,2018-07-31,2018-08-31,2018-09-30,2018-10-31,2018-11-30,2018-12-31,2019-01-31,2019-02-28,2019-03-31,2019-04-30,2019-05-31,2019-06-30,2019-07-31,2019-08-31,2019-09-30,2019-10-31,2019-11-30,2019-12-31,2020-01-31,2020-02-29,2020-03-31,2020-04-30,2020-05-31,2020-06-30,2020-07-31,2020-08-31,2020-09-30,2020-10-31,2020-11-30,2020-12-31,2021-01-31,2021-02-28,2021-03-31,2021-04-30,2021-05-31,2021-06-30,2021-07-31,2021-08-31,2021-09-30,2021-10-31,2021-11-30,2021-12-31,2022-01-31,2022-02-28
102001,0,United States,Country,,271600.0,272967.0,279333.0,288667.0,295633.0,299267.0,299900.0,299600.0,299267.0,298633.0,297267.0,294267.0,291567.0,292933.0,297967.0,306333.0,314300.0,320800.0,322433.0,319800.0,315467.0,312133.0,307133.0,303267.0,299800.0,301467.0,306500.0,313000.0,320633.0,328300.0,335300.0,340300.0,342550.0,343516.0,342216.0,337933.0,333600.0,333933.0,340633.0,354000.0,367300.0,378267.0,381567.0,380567.0,377267.0,376600.0,375967.0,375142.0,374175.0,378842.0
394913,1,"New York, NY",Msa,NY,517967.0,523000.0,534333.0,544667.0,554667.0,560000.0,560633.0,555596.0,550596.0,550296.0,550333.0,550000.0,549333.0,549333.0,554667.0,563333.0,573300.0,578267.0,578267.0,574633.0,573000.0,574333.0,577667.0,579000.0,577667.0,579000.0,585667.0,593667.0,599000.0,601233.0,611533.0,628200.0,642800.0,650167.0,653500.0,658633.0,664600.0,669933.0,673300.0,675296.0,675296.0,669629.0,660667.0,648667.0,642333.0,639333.0,642667.0,646000.0,652333.0,661000.0
753899,2,"Los Angeles-Long Beach-Anaheim, CA",Msa,CA,798667.0,804296.0,819966.0,836966.0,848654.0,849650.0,841317.0,824333.0,803000.0,786333.0,773333.0,761633.0,752967.0,750633.0,762333.0,779300.0,804633.0,824633.0,841000.0,847667.0,847667.0,847667.0,847667.0,849167.0,851167.0,867833.0,884667.0,888000.0,884333.0,894000.0,925667.0,956000.0,968000.0,974000.0,979333.0,990667.0,997667.0,999333.0,1009666.0,1012865.0,1012865.0,1002698.0,994833.0,977833.0,957667.0,945967.0,946300.0,949967.0,956333.0,969629.0
394463,3,"Chicago, IL",Msa,IL,301633.0,305967.0,319467.0,336133.0,346133.0,348633.0,344967.0,338300.0,330967.0,324933.0,318300.0,309933.0,303267.0,306600.0,319633.0,336000.0,345833.0,348167.0,345067.0,338533.0,331533.0,324933.0,319800.0,311467.0,306500.0,309967.0,320933.0,328933.0,332300.0,336633.0,343600.0,348600.0,349967.0,349667.0,346167.0,340830.0,332830.0,332997.0,338300.0,346633.0,353267.0,355633.0,355633.0,349000.0,341633.0,334933.0,329933.0,323963.0,319426.0,320760.0
394514,4,"Dallas-Fort Worth, TX",Msa,TX,341633.0,345000.0,351633.0,359633.0,365967.0,365667.0,359300.0,350467.0,344100.0,340767.0,339600.0,337933.0,334633.0,334633.0,339333.0,347633.0,354467.0,355800.0,354000.0,348661.0,344327.0,341161.0,339967.0,338300.0,334971.0,334138.0,335804.0,339100.0,343133.0,348133.0,354800.0,358267.0,359932.0,359598.0,357962.0,355293.0,353254.0,354894.0,360564.0,369633.0,380203.0,389415.0,395752.0,398545.0,400663.0,402330.0,407330.0,413997.0,420997.0,427663.0
394974,5,"Philadelphia, PA",Msa,PA,252633.0,249633.0,253833.0,260800.0,270133.0,275967.0,279300.0,278267.0,276233.0,274433.0,271633.0,266000.0,257833.0,253967.0,257967.0,267633.0,279167.0,287800.0,293133.0,293363.0,293397.0,294030.0,293967.0,290633.0,286300.0,286267.0,289600.0,294633.0,301333.0,311333.0,323333.0,333000.0,336333.0,338000.0,336667.0,333333.0,328333.0,325000.0,326633.0,333300.0,339967.0,346000.0,342667.0,337633.0,331600.0,329933.0,329633.0,327900.0,323733.0,319067.0
394692,6,"Houston, TX",Msa,TX,314830.0,317066.0,320335.0,325062.0,328616.0,330032.0,326924.0,322065.0,315793.0,312424.0,309185.0,307566.0,306108.0,307404.0,310643.0,315502.0,319519.0,320977.0,319325.0,315599.0,311517.0,308892.0,306879.0,304611.0,302086.0,301703.0,304647.0,307559.0,311608.0,316337.0,322171.0,326998.0,331017.0,334509.0,336404.0,334993.0,332993.0,332663.0,337993.0,345660.0,356493.0,365497.0,371922.0,372888.0,371488.0,371233.0,371763.0,371827.0,370993.0,372400.0
395209,7,"Washington, DC",Msa,DC,431660.0,431330.0,441667.0,452667.0,464667.0,474667.0,479879.0,476545.0,466878.0,461632.0,456599.0,449900.0,443233.0,443267.0,454967.0,471667.0,488167.0,496167.0,496000.0,489467.0,484800.0,483600.0,485300.0,483600.0,481633.0,486600.0,501600.0,513263.0,523263.0,531630.0,544633.0,551317.0,548567.0,542200.0,533883.0,528267.0,522967.0,522800.0,522833.0,529833.0,536633.0,543300.0,539963.0,533330.0,526663.0,525997.0,526993.0,528627.0,532630.0,543267.0
394856,8,"Miami-Fort Lauderdale, FL",Msa,FL,398604.0,398604.0,399950.0,401295.0,402944.0,403280.0,403582.0,403280.0,402944.0,402641.0,401497.0,400151.0,398806.0,398604.0,399916.0,401262.0,402943.0,403313.0,405332.0,405699.0,405699.0,404017.0,403650.0,403650.0,403650.0,403650.0,405332.0,404996.0,404659.0,402641.0,402977.0,404996.0,407014.0,408797.0,407565.0,404667.0,401633.0,399633.0,401300.0,409667.0,423333.0,438333.0,453000.0,463000.0,472667.0,479598.0,487931.0,494931.0,504667.0,522967.0
394347,9,"Atlanta, GA",Msa,GA,309981.0,314961.0,323627.0,335327.0,344667.0,349633.0,344933.0,337933.0,329633.0,324967.0,320963.0,317597.0,313930.0,313267.0,317130.0,326830.0,338163.0,344333.0,344633.0,339933.0,334900.0,330433.0,327133.0,325163.0,323660.0,323660.0,325663.0,327075.0,330408.0,336408.0,344333.0,351000.0,354667.0,356300.0,354633.0,351600.0,349933.0,351567.0,358267.0,374633.0,389633.0,401267.0,403767.0,404133.0,402500.0,400333.0,400000.0,399967.0,399633.0,398300.0
394404,10,"Boston, MA",Msa,MA,541332.0,544332.0,564998.0,584667.0,598333.0,595967.0,579600.0,556600.0,539633.0,536000.0,535967.0,531300.0,528267.0,533300.0,549967.0,571633.0,589633.0,596300.0,594633.0,586633.0,579933.0,574967.0,574967.0,574600.0,574600.0,582600.0,597667.0,605967.0,614600.0,624267.0,640967.0,649300.0,649933.0,656600.0,662967.0,666000.0,665667.0,672633.0,684633.0,693600.0,696933.0,698266.0,692933.0,677933.0,668233.0,667933.0,674633.0,681333.0,688000.0,706300.0
395057,11,"San Francisco, CA",Msa,CA,807667.0,824333.0,857667.0,899667.0,924667.0,938000.0,921333.0,880667.0,850667.0,842333.0,838000.0,820000.0,799600.0,802933.0,830933.0,867333.0,900667.0,907633.0,904800.0,886133.0,885833.0,889000.0,895667.0,878667.0,862167.0,874167.0,899833.0,916333.0,924667.0,949000.0,982333.0,998333.0,998667.0,998867.0,999163.0,995763.0,990896.0,987600.0,987667.0,992000.0,994000.0,996000.0,983333.0,964667.0,942667.0,931000.0,917667.0,906333.0,897667.0,913000.0
394532,12,"Detroit, MI",Msa,MI,219933.0,218267.0,224633.0,238000.0,253000.0,263000.0,264633.0,259600.0,251600.0,244633.0,237967.0,231267.0,226567.0,226567.0,233233.0,246567.0,259900.0,269900.0,271267.0,267633.0,258667.0,248967.0,239300.0,231633.0,225833.0,224133.0,228300.0,234130.0,245763.0,261263.0,277900.0,286300.0,283300.0,278333.0,273300.0,268300.0,265267.0,267761.0,277761.0,290761.0,301300.0,304633.0,301333.0,291117.0,277783.0,262783.0,249967.0,238300.0,227300.0,218300.0
395025,13,"Riverside, CA",Msa,CA,390633.0,393300.0,396633.0,402666.0,406633.0,409966.0,409933.0,406633.0,403300.0,399966.0,399633.0,398633.0,398333.0,398650.0,402983.0,408317.0,415000.0,419967.0,423300.0,423300.0,420000.0,416667.0,415000.0,414733.0,414733.0,418067.0,423000.0,426333.0,428000.0,434667.0,446333.0,461333.0,471667.0,480000.0,485000.0,490000.0,491667.0,493333.0,494983.0,506650.0,520983.0,536000.0,544300.0,548300.0,549933.0,551600.0,553233.0,553267.0,551632.0,551998.0
394976,14,"Phoenix, AZ",Msa,AZ,332633.0,338300.0,346333.0,351422.0,354422.0,353055.0,349967.0,344950.0,341617.0,339617.0,339300.0,339300.0,341267.0,343933.0,347300.0,351667.0,355967.0,359300.0,359933.0,360967.0,362633.0,364333.0,366633.0,369933.0,375767.0,382433.0,388859.0,384659.0,379692.0,378300.0,388300.0,396633.0,399967.0,399967.0,399633.0,399600.0,401300.0,404297.0,412497.0,422497.0,436500.0,448000.0,458330.0,464663.0,468327.0,471330.0,474963.0,478300.0,482967.0,488000.0
395078,15,"Seattle, WA",Msa,WA,508316.0,528316.0,559967.0,584950.0,598283.0,599633.0,592817.0,581167.0,568150.0,564650.0,561483.0,561483.0,563483.0,578300.0,601633.0,626633.0,641950.0,643633.0,635300.0,624317.0,617315.0,615642.0,617825.0,621477.0,631467.0,647967.0,662983.0,662663.0,659647.0,659647.0,668300.0,669983.0,663317.0,651665.0,639998.0,634998.0,638333.0,653333.0,670000.0,686650.0,698313.0,704163.0,704163.0,695833.0,693315.0,690053.0,689703.0,683038.0,686300.0,704967.0
394865,16,"Minneapolis-St Paul, MN",Msa,MN,354928.0,372230.0,387834.0,393486.0,391752.0,384158.0,375490.0,368243.0,360267.0,356453.0,351564.0,351529.0,357043.0,369213.0,384848.0,393517.0,395250.0,388319.0,383017.0,374349.0,369113.0,362310.0,361616.0,361651.0,368589.0,379650.0,390018.0,393486.0,393347.0,393347.0,395046.0,393451.0,386551.0,378607.0,369973.0,369938.0,371321.0,379760.0,387963.0,392797.0,392963.0,389633.0,387967.0,383000.0,378333.0,374633.0,374633.0,379633.0,391300.0,406105.0
395056,17,"San Diego, CA",Msa,CA,705967.0,722633.0,735967.0,749333.0,749633.0,749633.0,742633.0,725983.0,706283.0,689950.0,681633.0,676667.0,676333.0,681333.0,693000.0,713300.0,732967.0,745967.0,747096.0,747096.0,747096.0,745667.0,742667.0,742667.0,746000.0,755667.0,769667.0,770000.0,770000.0,781333.0,814666.0,838333.0,838296.0,827963.0,814596.0,812633.0,814966.0,831666.0,842000.0,856333.0,856300.0,855967.0,848967.0,845667.0,842633.0,842967.0,846300.0,849666.0,858300.0,874633.0
395121,18,"St. Louis, MO",Msa,MO,190933.0,191267.0,196567.0,204933.0,213267.0,218267.0,219725.0,219425.0,219125.0,217667.0,214667.0,209967.0,206267.0,207900.0,216100.0,227800.0,237800.0,242967.0,243300.0,241633.0,239633.0,237933.0,234600.0,229933.0,228300.0,231633.0,237165.0,242165.0,248465.0,254600.0,259567.0,258630.0,256963.0,254993.0,252963.0,249630.0,248300.0,253167.0,261833.0,271833.0,275300.0,274633.0,267933.0,259633.0,253267.0,248267.0,244900.0,244267.0,245933.0,253133.0
395148,19,"Tampa, FL",Msa,FL,262323.0,262323.0,263976.0,267248.0,272140.0,275379.0,275347.0,272431.0,269192.0,265984.0,264008.0,261740.0,261092.0,261092.0,264494.0,270001.0,277971.0,283110.0,284697.0,283239.0,281794.0,281503.0,279883.0,277971.0,275682.0,275682.0,276975.0,276348.0,277936.0,281503.0,288598.0,295109.0,299613.0,305153.0,306122.0,305182.0,302667.0,302003.0,307537.0,317700.0,333628.0,347661.0,360168.0,368503.0,374837.0,379667.0,386633.0,393300.0,398267.0,407297.0
394358,20,"Baltimore, MD",Msa,MD,303233.0,299900.0,304933.0,313300.0,326633.0,337967.0,345967.0,345967.0,341600.0,335266.0,328633.0,320000.0,313333.0,311667.0,316667.0,328000.0,339667.0,348000.0,350000.0,349967.0,346600.0,341600.0,334633.0,327967.0,322933.0,323233.0,329933.0,339600.0,347967.0,356300.0,363300.0,364967.0,361633.0,356667.0,351633.0,346600.0,341567.0,343430.0,353130.0,363130.0,372933.0,374933.0,374967.0,368300.0,362967.0,355967.0,349333.0,342967.0,337933.0,335933.0
394530,21,"Denver, CO",Msa,CO,,,,,,,,,494000.0,487000.0,480333.0,477666.0,481333.0,492255.0,507588.0,519255.0,523333.0,521667.0,516633.0,509933.0,502867.0,497900.0,497900.0,500122.0,510218.0,526885.0,541730.0,544967.0,541663.0,541663.0,546663.0,550000.0,543667.0,533333.0,522833.0,522467.0,527800.0,538300.0,550000.0,567633.0,584300.0,599300.0,606667.0,611420.0,613087.0,616420.0,620000.0,626667.0,632997.0,641997.0
394982,22,"Pittsburgh, PA",Msa,PA,171567.0,169900.0,173233.0,177267.0,183133.0,184833.0,184166.0,181633.0,179933.0,178267.0,175967.0,172667.0,170967.0,170933.0,175267.0,181933.0,189300.0,194800.0,198133.0,199467.0,198867.0,195533.0,190867.0,184967.0,183300.0,185967.0,192600.0,197600.0,204900.0,214900.0,227933.0,234600.0,234633.0,234633.0,234633.0,234633.0,234600.0,237933.0,244567.0,251567.0,256567.0,256567.0,249600.0,239600.0,232600.0,227933.0,224600.0,218300.0,211933.0,208633.0
394998,23,"Portland, OR",Msa,OR,461838.0,468272.0,474721.0,480848.0,482457.0,482441.0,479208.0,472743.0,464701.0,458268.0,455051.0,453443.0,455067.0,458284.0,464736.0,469577.0,472826.0,473627.0,472019.0,468799.0,463186.0,459647.0,456434.0,456434.0,459297.0,467339.0,473772.0,472839.0,472839.0,474447.0,485673.0,490466.0,495291.0,498507.0,506871.0,516520.0,523681.0,527971.0,536000.0,551667.0,573333.0,589667.0,594667.0,589333.0,581333.0,574667.0,571983.0,571983.0,578650.0,586667.0
394458,24,"Charlotte, NC",Msa,NC,327304.0,327336.0,331881.0,338331.0,344750.0,347206.0,344287.0,337912.0,331266.0,324832.0,320581.0,316678.0,315066.0,317660.0,324143.0,332206.0,340237.0,344753.0,344753.0,340915.0,335722.0,333077.0,330497.0,330956.0,331707.0,334932.0,339666.0,341528.0,345841.0,351002.0,361483.0,366884.0,368819.0,368817.0,369550.0,370000.0,369667.0,371333.0,376997.0,387297.0,398597.0,406266.0,408560.0,405594.0,403924.0,406630.0,409963.0,409967.0,406667.0,403333.0
395045,25,"Sacramento, CA",Msa,CA,461633.0,466667.0,475000.0,484167.0,490833.0,490833.0,486333.0,479667.0,471333.0,464667.0,457633.0,455933.0,457917.0,465950.0,480317.0,491967.0,502300.0,510967.0,517667.0,521000.0,516267.0,509597.0,503230.0,504297.0,510628.0,519828.0,525495.0,525800.0,524967.0,527967.0,537667.0,548213.0,560210.0,568022.0,575544.0,579969.0,585490.0,587422.0,583000.0,586667.0,597663.0,612630.0,620963.0,619967.0,618333.0,617650.0,620983.0,628647.0,637330.0,645663.0
395055,26,"San Antonio, TX",Msa,TX,279966.0,280000.0,283000.0,288657.0,295085.0,298418.0,297761.0,293500.0,288467.0,283467.0,281433.0,280800.0,280800.0,280633.0,281633.0,284967.0,290000.0,293167.0,293133.0,289800.0,286600.0,283297.0,281297.0,278993.0,278497.0,278830.0,282500.0,286167.0,290167.0,293800.0,297300.0,299933.0,299633.0,297933.0,294600.0,290933.0,288800.0,289830.0,293827.0,299657.0,304990.0,314490.0,327823.0,340793.0,346297.0,345967.0,342667.0,341330.0,342930.0,350263.0
394943,27,"Orlando, FL",Msa,FL,299900.0,302933.0,309300.0,317667.0,323000.0,325000.0,324967.0,323267.0,319933.0,314933.0,308300.0,303267.0,299933.0,299933.0,303600.0,310300.0,318633.0,323333.0,325000.0,325000.0,325627.0,325627.0,325627.0,325000.0,324967.0,326600.0,328567.0,325690.0,322390.0,320753.0,325330.0,328663.0,330867.0,332501.0,333334.0,332467.0,330000.0,328833.0,331163.0,337493.0,344952.0,355955.0,367092.0,378300.0,384933.0,391467.0,396133.0,399467.0,402967.0,410950.0
394466,28,"Cincinnati, OH",Msa,OH,218300.0,219967.0,231600.0,248267.0,261600.0,267633.0,265967.0,259300.0,251633.0,244967.0,241333.0,236300.0,232967.0,236633.0,249967.0,266300.0,279600.0,285967.0,287967.0,284333.0,278633.0,271967.0,265633.0,261333.0,261300.0,269633.0,283267.0,296300.0,309633.0,322967.0,333300.0,334633.0,327688.0,320988.0,313588.0,311867.0,312897.0,321230.0,332263.0,346233.0,360633.0,366267.0,361630.0,348597.0,337297.0,331967.0,330497.0,333457.0,340923.0,353393.0
394475,29,"Cleveland, OH",Msa,OH,161567.0,161567.0,164900.0,171267.0,176267.0,181300.0,183300.0,183300.0,181600.0,179867.0,178233.0,176567.0,174800.0,176433.0,179767.0,185371.0,191905.0,196904.0,199467.0,196267.0,192933.0,188267.0,184933.0,181600.0,179900.0,180600.0,185633.0,192000.0,201300.0,209600.0,218267.0,221133.0,214467.0,206100.0,196600.0,192966.0,191300.0,199130.0,212763.0,229430.0,238233.0,237933.0,231165.0,221165.0,211465.0,201567.0,196900.0,193600.0,190267.0,183300.0
394735,30,"Kansas City, MO",Msa,MO,254656.0,259950.0,269617.0,274633.0,277333.0,276000.0,275000.0,272300.0,272617.0,280283.0,286950.0,293283.0,296583.0,306617.0,319963.0,331330.0,337963.0,336297.0,329963.0,319963.0,312967.0,308267.0,304967.0,301967.0,306343.0,316343.0,332677.0,342667.0,352667.0,359650.0,364967.0,361633.0,353317.0,346333.0,343167.0,342150.0,344117.0,356050.0,371900.0,386567.0,394433.0,394567.0,388266.0,374633.0,364633.0,361300.0,366633.0,379667.0,398633.0,418633.0
394775,31,"Las Vegas, NV",Msa,NV,290435.0,292135.0,295135.0,306300.0,324500.0,341500.0,349500.0,347967.0,341300.0,333297.0,324963.0,321597.0,318250.0,314950.0,312483.0,313166.0,316500.0,320666.0,323333.0,324333.0,322633.0,320933.0,319933.0,319967.0,321333.0,325667.0,334000.0,335667.0,333300.0,329933.0,334900.0,341267.0,344633.0,346333.0,347330.0,347330.0,345997.0,345666.0,355666.0,373666.0,398000.0,417967.0,428300.0,437967.0,446300.0,459300.0,467967.0,478000.0,488333.0,501666.0
394492,32,"Columbus, OH",Msa,OH,254233.0,268600.0,285267.0,302630.0,311630.0,317463.0,315767.0,307433.0,294933.0,283267.0,274767.0,268133.0,264800.0,269967.0,286800.0,306800.0,320133.0,325933.0,325967.0,320262.0,309262.0,295095.0,285767.0,280133.0,282600.0,292300.0,306267.0,316267.0,326567.0,336567.0,344933.0,341600.0,329967.0,322297.0,320327.0,323660.0,324663.0,328663.0,336585.0,344939.0,349609.0,349688.0,349333.0,345967.0,339630.0,336597.0,339963.0,349963.0,357327.0,365627.0
394705,33,"Indianapolis, IN",Msa,IN,211567.0,215933.0,227633.0,251667.0,272633.0,284267.0,279267.0,269633.0,259633.0,249600.0,239900.0,232933.0,229633.0,234667.0,248300.0,266633.0,281600.0,286600.0,284900.0,279767.0,274800.0,269800.0,264633.0,257967.0,256330.0,261318.0,273315.0,283285.0,291930.0,302233.0,310600.0,315600.0,309633.0,299633.0,287667.0,279667.0,277667.0,280119.0,288119.0,296117.0,301997.0,302428.0,301396.0,301728.0,304263.0,306295.0,307965.0,311965.0,316892.0,323074.0
395059,34,"San Jose, CA",Msa,CA,1071296.0,1104629.0,1154629.0,1208333.0,1245000.0,1261333.0,1244333.0,1199333.0,1149667.0,1116000.0,1082629.0,1048629.0,1015592.0,1031963.0,1065963.0,1113000.0,1139333.0,1156000.0,1143448.0,1117377.0,1100693.0,1099579.0,1096316.0,1072450.0,1072412.0,1108413.0,1165629.0,1192333.0,1192667.0,1209333.0,1238000.0,1255000.0,1254995.0,1248995.0,1248995.0,1232000.0,1216317.0,1216317.0,1236279.0,1252963.0,1269596.0,1283298.0,1296632.0,1286665.0,1280000.0,1268520.0,1245187.0,1218187.0,1232333.0,1282000.0
394355,35,"Austin, TX",Msa,TX,352264.0,354070.0,358325.0,362912.0,364298.0,364298.0,361262.0,355708.0,349751.0,345191.0,341768.0,337391.0,334893.0,336422.0,343382.0,352264.0,358344.0,355942.0,347735.0,338920.0,332841.0,329555.0,327701.0,324661.0,324923.0,328902.0,339225.0,346796.0,354702.0,364137.0,375092.0,384613.0,391270.0,396936.0,400464.0,400346.0,402015.0,412351.0,429997.0,454663.0,476330.0,492633.0,502267.0,505930.0,514293.0,519993.0,524993.0,524993.0,526040.0,534377.0
395194,36,"Virginia Beach, VA",Msa,VA,257982.0,257659.0,260560.0,265072.0,270520.0,274065.0,276482.0,276515.0,276225.0,273936.0,272292.0,270520.0,271358.0,274291.0,279287.0,284895.0,288408.0,289987.0,289987.0,289987.0,289697.0,289407.0,289407.0,289697.0,289987.0,290016.0,293175.0,297204.0,303621.0,308872.0,314512.0,317736.0,317384.0,316383.0,313001.0,308248.0,302883.0,299930.0,302297.0,307330.0,310667.0,310000.0,306625.0,303291.0,301625.0,300000.0,300000.0,300000.0,300000.0,303333.0
394902,37,"Nashville, TN",Msa,TN,378967.0,380321.0,382690.0,385436.0,385470.0,383777.0,380055.0,373590.0,368513.0,365298.0,363606.0,361913.0,360390.0,360390.0,362082.0,365467.0,370239.0,373624.0,373285.0,370205.0,366821.0,365129.0,363436.0,361436.0,358390.0,358423.0,360424.0,363774.0,368513.0,373624.0,380393.0,384099.0,387483.0,387517.0,387196.0,385470.0,385489.0,391544.0,399630.0,412663.0,424966.0,438300.0,448300.0,451633.0,451633.0,454967.0,460000.0,463300.0,460967.0,470267.0
395005,38,"Providence, RI",Msa,RI,345871.0,347654.0,353073.0,359925.0,365170.0,366883.0,367057.0,367057.0,367057.0,365274.0,361429.0,356219.0,354471.0,357968.0,366358.0,376532.0,383839.0,387650.0,387964.0,387964.0,387650.0,385936.0,382440.0,375763.0,370519.0,373700.0,384188.0,394642.0,401949.0,408941.0,419464.0,424743.0,421282.0,410759.0,400271.0,396425.0,396607.0,407136.0,407967.0,413300.0,413000.0,426333.0,436333.0,441633.0,438300.0,436600.0,433266.0,431600.0,434933.0,441633.0
394862,39,"Milwaukee, WI",Msa,WI,216133.0,217800.0,226267.0,237933.0,248933.0,255600.0,257567.0,254900.0,248233.0,242933.0,236267.0,232633.0,231267.0,234467.0,238100.0,238133.0,238133.0,239100.0,240733.0,240867.0,236567.0,231600.0,226500.0,221533.0,219833.0,221600.0,231567.0,241567.0,251567.0,256600.0,259967.0,256633.0,249967.0,242967.0,236333.0,231333.0,225000.0,223300.0,224933.0,229900.0,236567.0,236567.0,229933.0,218300.0,211633.0,207600.0,204233.0,199267.0,196633.0,196633.0
394714,40,"Jacksonville, FL",Msa,FL,300963.0,304930.0,309963.0,314633.0,316333.0,316300.0,312862.0,307861.0,302561.0,298000.0,296167.0,296000.0,296000.0,297500.0,299667.0,304667.0,311667.0,314015.0,310682.0,304012.0,299663.0,299630.0,299300.0,298628.0,298628.0,301928.0,306267.0,307297.0,309330.0,312330.0,317967.0,319300.0,317967.0,315167.0,310467.0,308467.0,307967.0,311333.0,317330.0,328327.0,340657.0,348643.0,352157.0,354494.0,359177.0,363667.0,366997.0,369863.0,373527.0,380497.0
394849,41,"Memphis, TN",Msa,TN,186610.0,182135.0,180865.0,183880.0,187055.0,194641.0,199593.0,205243.0,206862.0,208417.0,208671.0,205814.0,202672.0,200577.0,203433.0,208195.0,215527.0,220606.0,223780.0,223748.0,223399.0,223367.0,223399.0,223748.0,222193.0,222161.0,225335.0,230097.0,235683.0,241079.0,247428.0,251046.0,247234.0,244060.0,242822.0,243139.0,242364.0,239669.0,243000.0,247333.0,255727.0,259360.0,261493.0,261600.0,263300.0,266667.0,268333.0,266667.0,259833.0,249500.0
394935,42,"Oklahoma City, OK",Msa,OK,235999.0,238057.0,242856.0,248037.0,252497.0,253187.0,253187.0,250408.0,248682.0,246932.0,246967.0,246943.0,249121.0,253856.0,262432.0,271092.0,277676.0,279083.0,276855.0,272343.0,269221.0,267505.0,267561.0,267561.0,269277.0,273222.0,278539.0,281970.0,286602.0,293669.0,299467.0,300839.0,297065.0,294950.0,293575.0,292555.0,291828.0,295002.0,303190.0,314223.0,321610.0,323033.0,319700.0,314605.0,310348.0,306512.0,306888.0,311336.0,321336.0,335051.0
394807,43,"Louisville-Jefferson County, KY",Msa,KY,232000.0,240300.0,253933.0,266567.0,274600.0,276433.0,274633.0,271300.0,267833.0,265700.0,261833.0,256833.0,254100.0,257267.0,266900.0,278533.0,287567.0,291233.0,289633.0,284633.0,277967.0,269600.0,259933.0,252267.0,248800.0,253433.0,264739.0,278206.0,290206.0,296567.0,299600.0,296900.0,288567.0,278567.0,267467.0,262167.0,259497.0,264963.0,273627.0,283263.0,289963.0,293297.0,292327.0,288960.0,282297.0,278300.0,275000.0,275000.0,276633.0,282630.0
394669,44,"Hartford, CT",Msa,CT,274771.0,279178.0,287692.0,293641.0,297368.0,297402.0,297402.0,297094.0,295351.0,293641.0,290530.0,288820.0,287110.0,288854.0,292307.0,299009.0,304104.0,309910.0,310046.0,309739.0,305643.0,302257.0,299146.0,297094.0,296069.0,296103.0,302258.0,310088.0,320311.0,328141.0,338399.0,344929.0,344929.0,341392.0,336605.0,333220.0,330505.0,332681.0,339900.0,349415.0,352748.0,349115.0,339633.0,331333.0,326667.0,324967.0,324967.0,329933.0,338267.0,349900.0
395022,45,"Richmond, VA",Msa,VA,298669.0,299669.0,307386.0,319114.0,326891.0,329994.0,330290.0,327890.0,323407.0,316559.0,312062.0,310304.0,310269.0,312011.0,320666.0,332753.0,344736.0,349540.0,349898.0,344812.0,338284.0,331046.0,327563.0,327451.0,329865.0,334956.0,341931.0,351241.0,361011.0,371046.0,378253.0,382375.0,380996.0,380106.0,380866.0,384967.0,389617.0,393750.0,397279.0,399279.0,400075.0,396247.0,389563.0,382963.0,380613.0,382587.0,388557.0,399237.0,411914.0,421278.0
394910,46,"New Orleans, LA",Msa,LA,245925.0,242592.0,243300.0,249633.0,257133.0,262167.0,263833.0,262967.0,260183.0,257150.0,253850.0,251633.0,249967.0,251633.0,256300.0,262967.0,269600.0,272400.0,272400.0,270433.0,269133.0,268167.0,267150.0,265283.0,262917.0,261900.0,264233.0,269267.0,276267.0,282617.0,288450.0,293483.0,296833.0,299000.0,299000.0,299000.0,297667.0,296333.0,296666.0,304966.0,314966.0,324633.0,326333.0,324333.0,321300.0,321300.0,324933.0,327967.0,330522.0,333222.0
394425,47,"Buffalo, NY",Msa,NY,183467.0,185250.0,192379.0,201290.0,208419.0,211984.0,213766.0,212697.0,210950.0,207385.0,203108.0,197725.0,194161.0,194553.0,198118.0,205247.0,213766.0,220752.0,224353.0,220788.0,217045.0,213124.0,209560.0,206316.0,203072.0,203072.0,206637.0,213766.0,224495.0,235224.0,242354.0,242318.0,238718.0,233403.0,231300.0,229161.0,229193.0,236212.0,246600.0,259930.0,266597.0,266597.0,259900.0,249900.0,243233.0,238233.0,234900.0,231600.0,229933.0,232967.0
395012,48,"Raleigh, NC",Msa,NC,344194.0,345829.0,352560.0,362175.0,368554.0,368554.0,366632.0,363378.0,359885.0,353474.0,348105.0,343617.0,341694.0,342335.0,348746.0,359003.0,368587.0,371793.0,368876.0,364068.0,360830.0,358907.0,354932.0,350124.0,346919.0,349291.0,355413.0,359028.0,364297.0,369425.0,378632.0,383547.0,387095.0,389578.0,390494.0,390326.0,390326.0,393899.0,399873.0,405923.0,411283.0,415398.0,420348.0,424983.0,427902.0,428235.0,428325.0,428492.0,429492.0,432351.0
394388,49,"Birmingham, AL",Msa,AL,206300.0,206833.0,215133.0,226467.0,235933.0,239267.0,239900.0,239900.0,238233.0,234600.0,230967.0,229300.0,229600.0,233233.0,239900.0,249900.0,258567.0,265233.0,270267.0,271633.0,272333.0,272033.0,272000.0,269665.0,266598.0,265743.0,267378.0,269011.0,273200.0,277900.0,281800.0,281507.0,276840.0,274640.0,273300.0,276300.0,277667.0,279867.0,281833.0,287403.0,293170.0,295537.0,293217.0,290250.0,289550.0,294250.0,299217.0,301883.0,297567.0,284233.0
395053,50,"Salt Lake City, UT",Msa,UT,414731.0,419936.0,427210.0,433209.0,440390.0,444405.0,445838.0,443043.0,437770.0,430338.0,425737.0,423791.0,424109.0,427967.0,435186.0,447573.0,458189.0,465126.0,463374.0,458101.0,452934.0,451147.0,452017.0,455592.0,462528.0,474040.0,482884.0,481256.0,477686.0,480175.0,490828.0,496171.0,495419.0,491880.0,496446.0,507098.0,,,,,,,,,,,,,,
395031,51,"Rochester, NY",Msa,NY,183366.0,190489.0,200676.0,212751.0,221656.0,225716.0,222190.0,215102.0,207978.0,202991.0,198682.0,198682.0,203989.0,215422.0,227924.0,240981.0,247928.0,250599.0,248227.0,243027.0,234977.0,224292.0,216812.0,209724.0,210365.0,219626.0,235757.0,252926.0,261830.0,267034.0,267779.0,267595.0,260471.0,252603.0,245663.0,252787.0,260866.0,274778.0,280733.0,282400.0,273233.0,261600.0,253267.0,245596.0,236263.0,226263.0,220600.0,218267.0,221300.0,224633.0
394640,52,"Grand Rapids, MI",Msa,MI,261633.0,269967.0,281667.0,291667.0,298300.0,299967.0,298300.0,293500.0,288467.0,285435.0,286902.0,288568.0,289900.0,292933.0,298967.0,307333.0,312633.0,313267.0,310933.0,305933.0,302300.0,296267.0,292933.0,289900.0,292933.0,297933.0,306267.0,313233.0,318233.0,319900.0,321267.0,321300.0,321300.0,318362.0,318329.0,320029.0,324967.0,334300.0,343967.0,353933.0,361600.0,369567.0,376267.0,378267.0,377267.0,372567.0,370233.0,372935.0,384268.0,399868.0
395167,53,"Tucson, AZ",Msa,AZ,260933.0,264300.0,269333.0,275000.0,280000.0,281333.0,281300.0,280900.0,282900.0,282900.0,281467.0,279633.0,279667.0,282333.0,288167.0,294800.0,298933.0,298267.0,296225.0,293425.0,293392.0,293750.0,294500.0,292833.0,292883.0,294933.0,298300.0,298967.0,300633.0,308966.0,319933.0,329967.0,328300.0,323333.0,319300.0,320967.0,325967.0,334317.0,347617.0,363257.0,373940.0,380640.0,381333.0,379667.0,374667.0,370000.0,367779.0,367723.0,370719.0,376273.0
753924,54,"Urban Honolulu, HI",Msa,HI,664333.0,661667.0,654629.0,647963.0,650963.0,658000.0,663000.0,668333.0,671667.0,670000.0,665000.0,663000.0,669500.0,672167.0,673667.0,669833.0,670167.0,670333.0,670333.0,669000.0,661000.0,654967.0,649633.0,647967.0,643000.0,636667.0,630000.0,621500.0,611167.0,603000.0,604833.0,604833.0,599667.0,591000.0,591000.0,599333.0,,,,,,,,,,,,,,
395169,55,"Tulsa, OK",Msa,OK,193149.0,193928.0,198449.0,204061.0,207646.0,207802.0,206831.0,206052.0,206021.0,205713.0,205713.0,205713.0,206352.0,209158.0,215114.0,222300.0,228847.0,231965.0,233493.0,232714.0,233415.0,234974.0,237312.0,238482.0,236923.0,236923.0,240040.0,246292.0,254086.0,263440.0,271530.0,276207.0,276207.0,276951.0,276642.0,276300.0,274747.0,274747.0,287413.0,299830.0,311118.0,303484.0,295788.0,288167.0,287931.0,288398.0,286398.0,283300.0,286500.0,299960.0
394619,56,"Fresno, CA",Msa,CA,334731.0,331727.0,331693.0,334973.0,339840.0,342291.0,342464.0,340738.0,338286.0,335726.0,333654.0,330236.0,325893.0,324478.0,326204.0,334531.0,344922.0,355279.0,363333.0,364714.0,364369.0,359708.0,355044.0,351902.0,351229.0,354478.0,359370.0,362097.0,367310.0,372861.0,382907.0,389466.0,391931.0,390551.0,390896.0,390105.0,390612.0,389093.0,391300.0,399667.0,413000.0,423000.0,424667.0,421667.0,423000.0,429629.0,437771.0,446438.0,449775.0,436615.0
395238,57,"Worcester, MA",Msa,MA,291627.0,294930.0,301297.0,311267.0,321300.0,328267.0,329967.0,329267.0,327600.0,324233.0,321267.0,316300.0,314333.0,316333.0,326300.0,339933.0,351567.0,359900.0,360933.0,357600.0,352300.0,348933.0,346967.0,344600.0,343600.0,345567.0,356567.0,368233.0,380933.0,389300.0,396000.0,399666.0,398966.0,393967.0,390933.0,391300.0,,,,,,,,,,,,,,
394415,58,"Stamford, CT",Msa,CT,675179.0,710677.0,752854.0,776403.0,783142.0,781033.0,768731.0,751448.0,737389.0,737038.0,733840.0,730641.0,727478.0,730993.0,743329.0,757037.0,764804.0,755666.0,738409.0,713103.0,695880.0,690644.0,695916.0,700801.0,704281.0,714825.0,727162.0,734226.0,744419.0,761992.0,780972.0,786560.0,778125.0,767581.0,753206.0,747492.0,744750.0,782071.0,812633.0,829000.0,820967.0,806300.0,784633.0,738167.0,701500.0,683167.0,697667.0,712633.0,752933.0,819600.0
394312,59,"Albuquerque, NM",Msa,NM,252401.0,254123.0,258980.0,265868.0,272448.0,275892.0,274135.0,269485.0,263630.0,261908.0,261736.0,263372.0,263406.0,266816.0,272069.0,278957.0,282953.0,286159.0,287709.0,288610.0,288503.0,288641.0,288471.0,287093.0,288815.0,295835.0,304445.0,309646.0,316880.0,330657.0,346170.0,354795.0,355260.0,350045.0,343143.0,338024.0,337725.0,339118.0,344752.0,351088.0,360422.0,365633.0,368967.0,369600.0,371300.0,378544.0,383987.0,385987.0,387739.0,391327.0
394308,60,"Albany, NY",Msa,NY,243408.0,247157.0,251610.0,253391.0,255061.0,257380.0,261500.0,265025.0,264932.0,263856.0,264042.0,264042.0,263300.0,263448.0,267122.0,272317.0,276029.0,277921.0,280111.0,279777.0,276066.0,272392.0,271278.0,273097.0,271204.0,272280.0,276919.0,284341.0,291801.0,301858.0,312991.0,318928.0,,,,298738.0,,,,,,,,,,,,,,
394938,61,"Omaha, NE",Msa,NE,276618.0,284440.0,292790.0,302867.0,308123.0,308157.0,304803.0,301450.0,298919.0,292614.0,286179.0,283647.0,286581.0,295028.0,308475.0,321218.0,327891.0,324928.0,321073.0,316077.0,310287.0,300762.0,292681.0,289663.0,292010.0,300805.0,309893.0,316600.0,320816.0,325158.0,329484.0,329585.0,325208.0,322089.0,318985.0,318952.0,318815.0,325641.0,332740.0,339373.0,339222.0,332555.0,322555.0,315000.0,311667.0,313300.0,316633.0,331630.0,354993.0,379990.0
394908,62,"New Haven, CT",Msa,CT,284311.0,290627.0,300781.0,312644.0,321717.0,327300.0,327614.0,322729.0,317460.0,313657.0,310167.0,304968.0,300083.0,301793.0,308735.0,319203.0,324437.0,324474.0,319205.0,313971.0,308562.0,305073.0,303014.0,301444.0,299699.0,299699.0,304898.0,310132.0,321647.0,331801.0,345759.0,349457.0,348062.0,341083.0,335640.0,326916.0,320292.0,317980.0,323300.0,337967.0,349633.0,356267.0,351567.0,344900.0,338267.0,336600.0,336600.0,336567.0,338233.0,341267.0
394357,63,"Bakersfield, CA",Msa,CA,249086.0,252005.0,257443.0,263539.0,267036.0,268303.0,267822.0,264613.0,259833.0,255181.0,251845.0,249567.0,247770.0,246327.0,248568.0,255306.0,261722.0,264966.0,265961.0,265319.0,263394.0,258871.0,256272.0,254957.0,256272.0,257908.0,262432.0,264357.0,265961.0,266250.0,270260.0,277959.0,285691.0,293551.0,296760.0,293872.0,288776.0,286276.0,291467.0,299800.0,311467.0,318300.0,324633.0,323000.0,323000.0,323300.0,331800.0,341767.0,345133.0,344967.0
394753,64,"Knoxville, TN",Msa,TN,262933.0,262933.0,266633.0,276633.0,286600.0,291600.0,289933.0,283300.0,277308.0,272308.0,268942.0,267933.0,265967.0,266967.0,270600.0,279233.0,289900.0,296567.0,301600.0,301600.0,301300.0,296267.0,289600.0,283233.0,279900.0,283233.0,289933.0,298267.0,307600.0,319267.0,332633.0,341667.0,339967.0,331600.0,316600.0,306600.0,299933.0,301263.0,309297.0,332630.0,351267.0,359933.0,349933.0,343967.0,343600.0,341933.0,338597.0,335597.0,340597.0,354933.0
394653,65,"Greenville, SC",Msa,SC,257681.0,259448.0,263908.0,269971.0,273917.0,276790.0,277075.0,276758.0,271965.0,267204.0,262728.0,260221.0,258665.0,259808.0,265111.0,273046.0,279712.0,280726.0,277234.0,271013.0,267553.0,266252.0,266204.0,264934.0,263379.0,266347.0,270823.0,273997.0,277076.0,283075.0,288046.0,289983.0,287888.0,288448.0,286609.0,283938.0,279942.0,279967.0,286033.0,298879.0,308913.0,318179.0,322967.0,328796.0,332130.0,330829.0,326663.0,322996.0,324610.0,332247.0
394952,66,"Ventura, CA",Msa,CA,780332.0,780998.0,777665.0,785667.0,779319.0,772652.0,756319.0,748000.0,728330.0,711630.0,696613.0,689950.0,688316.0,691333.0,701000.0,712333.0,725667.0,739300.0,749633.0,761633.0,774667.0,784505.0,784172.0,780838.0,782667.0,796333.0,813333.0,809666.0,804333.0,807666.0,832666.0,856333.0,868000.0,871333.0,864333.0,862667.0,,,,,,,,,,,,,,
394318,67,"Allentown, PA",Msa,PA,246864.0,246531.0,249528.0,257112.0,262994.0,266508.0,268728.0,267618.0,262994.0,257777.0,253745.0,251858.0,249990.0,251469.0,257019.0,264473.0,271835.0,275572.0,279267.0,279267.0,278398.0,274702.0,272520.0,269653.0,269209.0,272168.0,283267.0,291109.0,297731.0,300358.0,309237.0,316627.0,320659.0,321033.0,321083.0,322187.0,323232.0,329384.0,337103.0,343737.0,346630.0,342967.0,337538.0,331172.0,335172.0,338633.0,341667.0,342633.0,347063.0,350730.0
394561,68,"El Paso, TX",Msa,TX,180162.0,180358.0,180540.0,181145.0,181661.0,183440.0,185576.0,188067.0,188779.0,188975.0,188993.0,190238.0,193086.0,196077.0,198729.0,200669.0,202660.0,204262.0,204262.0,203514.0,202820.0,202838.0,204279.0,204279.0,204279.0,202855.0,202856.0,202500.0,203407.0,205187.0,208746.0,211380.0,213142.0,213814.0,,,,228650.0,231983.0,235317.0,241500.0,247817.0,251983.0,252133.0,251800.0,252950.0,255967.0,259300.0,262633.0,265883.0
394367,69,"Baton Rouge, LA",Msa,LA,230683.0,231600.0,234600.0,239600.0,244600.0,248266.0,248600.0,246800.0,244967.0,243000.0,241633.0,240100.0,240100.0,241600.0,243967.0,248633.0,253333.0,256000.0,254667.0,251050.0,247683.0,245668.0,243918.0,242285.0,240933.0,241600.0,244900.0,247933.0,249967.0,253300.0,257967.0,263653.0,267687.0,270987.0,271547.0,270847.0,269547.0,271133.0,276133.0,284800.0,294300.0,299333.0,300967.0,299533.0,299200.0,299233.0,306300.0,316630.0,329960.0,337993.0
394521,70,"Dayton, OH",Msa,OH,139563.0,137604.0,141957.0,147361.0,152620.0,157335.0,162811.0,164951.0,163138.0,159475.0,156791.0,154977.0,154922.0,155792.0,161233.0,166728.0,175433.0,182687.0,191754.0,195744.0,193930.0,187433.0,182754.0,179885.0,178440.0,181305.0,193277.0,205935.0,217541.0,222945.0,223671.0,220660.0,217034.0,217862.0,217498.0,216630.0,216600.0,224600.0,230967.0,239333.0,243000.0,248300.0,248267.0,244896.0,238263.0,229929.0,224933.0,223933.0,228297.0,239997.0
394843,71,"McAllen, TX",Msa,TX,192167.0,190500.0,190466.0,191633.0,193133.0,194833.0,194833.0,195167.0,196167.0,195167.0,193333.0,190633.0,189967.0,192633.0,195833.0,200833.0,204167.0,207335.0,207335.0,204669.0,201500.0,199833.0,199833.0,199967.0,199800.0,199467.0,199333.0,199167.0,202500.0,208000.0,215000.0,218667.0,223000.0,227567.0,230900.0,229567.0,225997.0,225997.0,230963.0,238300.0,244633.0,249633.0,252967.0,256300.0,256997.0,258663.0,258963.0,258300.0,257633.0,257633.0
394486,72,"Columbia, SC",Msa,SC,191469.0,191469.0,195933.0,203849.0,211765.0,218414.0,219998.0,219333.0,217718.0,216166.0,218446.0,220061.0,224177.0,225285.0,227660.0,231143.0,234468.0,236526.0,233644.0,229212.0,224747.0,221581.0,218889.0,216705.0,216736.0,220061.0,224491.0,229021.0,232979.0,235483.0,238616.0,240832.0,240832.0,239977.0,239723.0,240890.0,241923.0,243927.0,248633.0,254600.0,260377.0,264344.0,268510.0,271433.0,275800.0,279467.0,284133.0,287933.0,291600.0,296567.0
394648,73,"Greensboro, NC",Msa,NC,195667.0,198667.0,206667.0,218667.0,229633.0,234967.0,241233.0,247900.0,255233.0,256933.0,253600.0,249600.0,248300.0,251633.0,259933.0,269600.0,279600.0,281267.0,279233.0,270762.0,268295.0,265422.0,263996.0,261830.0,260066.0,259963.0,262093.0,262397.0,269063.0,277267.0,287300.0,292333.0,288300.0,282767.0,273100.0,268433.0,267267.0,268567.0,273930.0,279960.0,286960.0,293597.0,300930.0,306963.0,308997.0,310133.0,315797.0,326460.0,336657.0,343293.0
394304,74,"Akron, OH",Msa,OH,145900.0,144233.0,145600.0,152226.0,160559.0,168192.0,173233.0,172933.0,169600.0,164600.0,159900.0,154900.0,151567.0,151600.0,155633.0,160633.0,167300.0,173267.0,177892.0,177859.0,173892.0,169267.0,163600.0,157567.0,152567.0,152433.0,157433.0,164100.0,171567.0,178267.0,184633.0,187667.0,184333.0,181300.0,174933.0,171567.0,166567.0,168450.0,177383.0,189950.0,201417.0,207600.0,206733.0,203417.0,198333.0,193967.0,189467.0,181833.0,174167.0,172000.0
753906,75,"North Port-Sarasota-Bradenton, FL",Msa,FL,359233.0,359933.0,361467.0,361467.0,364182.0,365982.0,369316.0,368267.0,364433.0,360800.0,357467.0,356333.0,356333.0,357997.0,362663.0,367997.0,374333.0,378000.0,379333.0,377872.0,374206.0,372839.0,374300.0,376967.0,377000.0,375667.0,375000.0,371663.0,368330.0,368330.0,374833.0,379833.0,382245.0,382045.0,382045.0,384467.0,,,,,,,,,,,,,,
394798,76,"Little Rock, AR",Msa,AR,169131.0,171593.0,173256.0,175688.0,177873.0,179413.0,179136.0,177566.0,176026.0,176180.0,176211.0,176211.0,175410.0,176026.0,178828.0,182861.0,189941.0,194867.0,198561.0,198561.0,196991.0,195451.0,193050.0,192158.0,191234.0,192096.0,195790.0,199792.0,204410.0,206226.0,207457.0,205918.0,205949.0,206689.0,210082.0,211908.0,213877.0,214424.0,221633.0,227300.0,232267.0,232300.0,233300.0,233333.0,231500.0,229833.0,228167.0,224967.0,223267.0,223267.0
395134,77,"Stockton, CA",Msa,CA,381317.0,383283.0,381633.0,383300.0,384317.0,390983.0,392650.0,391667.0,388317.0,384650.0,382650.0,381000.0,377967.0,376633.0,379633.0,393000.0,408667.0,422000.0,430333.0,436333.0,438259.0,436099.0,436066.0,437473.0,436300.0,434667.0,434967.0,436830.0,438480.0,445177.0,456613.0,469963.0,476633.0,483000.0,484650.0,489782.0,488448.0,493448.0,493650.0,506983.0,520333.0,544667.0,561333.0,572667.0,569667.0,562650.0,562967.0,572950.0,587967.0,597983.0
394457,78,"Charleston, SC",Msa,SC,357248.0,359933.0,364478.0,370706.0,375474.0,377412.0,377292.0,372822.0,366412.0,360451.0,356279.0,353302.0,351961.0,356103.0,365044.0,373984.0,378484.0,379975.0,377888.0,371928.0,364448.0,359054.0,357266.0,356699.0,356431.0,358219.0,364746.0,368024.0,375176.0,379972.0,388912.0,393949.0,397170.0,399704.0,401818.0,405963.0,410630.0,417297.0,426660.0,438625.0,456958.0,472815.0,475853.0,463827.0,443974.0,435640.0,431330.0,432963.0,439615.0,457618.0
395143,79,"Syracuse, NY",Msa,NY,129326.0,130482.0,133554.0,139162.0,142234.0,143643.0,144798.0,145954.0,145982.0,144826.0,143671.0,143304.0,143304.0,144714.0,147870.0,153506.0,159143.0,164244.0,165653.0,163990.0,161454.0,158635.0,157480.0,156353.0,156916.0,159734.0,163934.0,171261.0,178053.0,185098.0,188508.0,188790.0,188818.0,189668.0,189301.0,187526.0,182880.0,182880.0,186213.0,193233.0,201600.0,208300.0,208300.0,199633.0,187966.0,181300.0,178266.0,176567.0,171567.0,175767.0
394484,80,"Colorado Springs, CO",Msa,CO,473767.0,471975.0,467495.0,463701.0,461873.0,449295.0,433528.0,417044.0,408121.0,404538.0,403140.0,403498.0,410102.0,419024.0,433000.0,440730.0,449689.0,455064.0,465779.0,467571.0,467535.0,462160.0,463951.0,462554.0,460798.0,457751.0,463880.0,472481.0,480938.0,483410.0,487351.0,487351.0,482872.0,472086.0,464883.0,461434.0,,,,,,,,,,,,,,
395235,81,"Winston-Salem, NC",Msa,NC,209900.0,211600.0,213600.0,216967.0,218600.0,221633.0,231233.0,241900.0,250200.0,250233.0,246933.0,245267.0,245267.0,249600.0,256300.0,265150.0,276117.0,282783.0,285933.0,283300.0,282600.0,282600.0,281858.0,279225.0,275925.0,279967.0,284963.0,287263.0,290563.0,295993.0,305327.0,306820.0,303895.0,296762.0,288668.0,281167.0,278277.0,278243.0,281043.0,282767.0,286100.0,291100.0,295567.0,297930.0,298462.0,302328.0,307465.0,312463.0,315263.0,318063.0
395224,82,"Wichita, KS",Msa,KS,176600.0,182767.0,191100.0,201100.0,206567.0,208233.0,206233.0,202900.0,200600.0,198183.0,193883.0,190383.0,189833.0,194133.0,202267.0,210917.0,219283.0,223950.0,223300.0,219967.0,216333.0,215000.0,213300.0,208267.0,203100.0,201467.0,209667.0,219767.0,234600.0,248767.0,261367.0,264767.0,,,,230897.0,229500.0,236967.0,246600.0,252867.0,247867.0,237900.0,228300.0,221667.0,219167.0,223833.0,232133.0,241300.0,248267.0,256300.0
395115,83,"Springfield, MA",Msa,MA,240886.0,240913.0,245609.0,254937.0,263958.0,268591.0,268591.0,264238.0,257739.0,251521.0,246856.0,241881.0,238772.0,237497.0,242752.0,252111.0,265513.0,274841.0,278231.0,277764.0,275930.0,273784.0,266943.0,261782.0,258952.0,263150.0,271732.0,283890.0,296607.0,308267.0,317876.0,324094.0,323286.0,321121.0,317289.0,310100.0,301800.0,301833.0,316633.0,339633.0,351300.0,353000.0,344966.0,338267.0,331600.0,321300.0,311333.0,304667.0,310000.0,309998.0
394440,84,"Fort Myers, FL",Msa,FL,248437.0,248464.0,248464.0,249265.0,249238.0,249210.0,248382.0,248134.0,247885.0,247885.0,247885.0,246781.0,245980.0,245980.0,247085.0,247637.0,247637.0,247637.0,247361.0,246256.0,245124.0,245517.0,246869.0,250599.0,253520.0,259041.0,263594.0,264836.0,264864.0,265995.0,269999.0,271931.0,270827.0,270827.0,271379.0,271379.0,,,,,,,,,,,,,,
394399,85,"Boise City, ID",Msa,ID,326263.0,342930.0,348233.0,354600.0,356467.0,361500.0,360133.0,354963.0,351597.0,348297.0,344965.0,341630.0,341127.0,345793.0,355493.0,369297.0,381300.0,388267.0,388300.0,384933.0,380437.0,374737.0,371103.0,368933.0,372627.0,379293.0,388219.0,393555.0,397189.0,403263.0,413263.0,421597.0,426627.0,431597.0,443397.0,453067.0,461067.0,469297.0,482967.0,505253.0,528586.0,550986.0,559768.0,558072.0,550635.0,548233.0,549600.0,559600.0,582933.0,618233.0
395160,86,"Toledo, OH",Msa,OH,126933.0,125933.0,130383.0,137050.0,144717.0,148267.0,149900.0,147767.0,145467.0,143133.0,141933.0,140900.0,139900.0,141267.0,149133.0,160833.0,174500.0,182300.0,183933.0,180233.0,172933.0,167933.0,163267.0,161567.0,159867.0,159867.0,161533.0,166567.0,178267.0,189933.0,199933.0,208233.0,208266.0,206633.0,196033.0,191033.0,187667.0,192950.0,198600.0,201933.0,202950.0,202267.0,201967.0,193800.0,183800.0,173133.0,167267.0,163633.0,157933.0,154600.0
394816,87,"Madison, WI",Msa,WI,300590.0,307458.0,317026.0,323860.0,326935.0,327618.0,327618.0,324509.0,319417.0,312618.0,309201.0,309201.0,314292.0,324543.0,336468.0,343302.0,346411.0,346104.0,344430.0,341320.0,336536.0,334794.0,333085.0,333051.0,334760.0,340773.0,349316.0,356150.0,360387.0,363496.0,363496.0,360079.0,351879.0,347286.0,345402.0,350900.0,358933.0,366532.0,369866.0,370166.0,373233.0,374933.0,376633.0,373300.0,369967.0,368267.0,371600.0,379900.0,391167.0,400367.0
394766,88,"Lakeland, FL",Msa,FL,229253.0,229651.0,231265.0,234698.0,236415.0,236896.0,237065.0,237031.0,235623.0,233703.0,231643.0,231299.0,231299.0,231674.0,231708.0,233116.0,236209.0,238956.0,240401.0,239786.0,239040.0,237938.0,237145.0,236858.0,236858.0,238609.0,240625.0,241655.0,241557.0,241570.0,243970.0,246715.0,249839.0,251783.0,253468.0,255713.0,258007.0,260727.0,265699.0,275699.0,287873.0,299508.0,306208.0,310750.0,315100.0,320529.0,325909.0,330256.0,334493.0,340630.0
394931,89,"Ogden, UT",Msa,UT,340761.0,349376.0,363215.0,374667.0,381552.0,384735.0,385393.0,382694.0,377746.0,371865.0,369443.0,370481.0,376397.0,384701.0,393731.0,402381.0,405840.0,402727.0,397191.0,392347.0,386292.0,376224.0,369097.0,368228.0,377259.0,388330.0,396983.0,398333.0,402865.0,413244.0,428814.0,435872.0,439297.0,440455.0,445842.0,452163.0,,,,,,,,,,,,,,
394528,90,"Daytona Beach, FL",Msa,FL,269600.0,270600.0,272267.0,275600.0,280483.0,285183.0,288483.0,287600.0,284567.0,280767.0,277433.0,275633.0,274767.0,274800.0,276633.0,280997.0,285830.0,288827.0,287797.0,284597.0,280767.0,278132.0,277332.0,277999.0,278667.0,281167.0,283967.0,284267.0,282600.0,281603.0,284803.0,287803.0,289500.0,291000.0,293167.0,294833.0,296500.0,300330.0,305330.0,314997.0,323663.0,333660.0,339323.0,344493.0,347797.0,352467.0,355967.0,357663.0,357997.0,364995.0
394531,91,"Des Moines, IA",Msa,IA,272692.0,276920.0,283052.0,287861.0,290088.0,290379.0,290379.0,287991.0,284763.0,281535.0,279922.0,278308.0,276727.0,277211.0,279664.0,282891.0,284343.0,284505.0,282084.0,277695.0,271885.0,264623.0,258410.0,253569.0,253569.0,257555.0,262565.0,266438.0,269016.0,272689.0,275271.0,274919.0,272321.0,270337.0,269666.0,270000.0,271333.0,274967.0,280633.0,288967.0,298967.0,307963.0,315110.0,316810.0,316710.0,314897.0,316547.0,319983.0,326550.0,336233.0
395006,100,"Provo, UT",Msa,UT,386070.0,393755.0,404294.0,409442.0,405607.0,398662.0,395062.0,394274.0,392546.0,389235.0,383492.0,380071.0,379760.0,383741.0,391324.0,396472.0,398849.0,398178.0,399940.0,402186.0,403534.0,401426.0,398696.0,398040.0,400147.0,406367.0,416008.0,420312.0,425492.0,430537.0,445584.0,460598.0,473729.0,478218.0,483937.0,487907.0,496282.0,498782.0,496567.0,502267.0,513630.0,533663.0,544330.0,549667.0,549255.0,547905.0,549538.0,558617.0,576963.0,605327.0
394549,104,"Durham, NC",Msa,NC,360319.0,364826.0,373545.0,382620.0,386448.0,383695.0,378855.0,370521.0,365681.0,362928.0,362626.0,362353.0,362081.0,367526.0,376888.0,386265.0,391407.0,390818.0,387793.0,380533.0,372063.0,363261.0,358723.0,358693.0,365093.0,375680.0,389322.0,394659.0,396746.0,398259.0,407061.0,417044.0,422791.0,426610.0,427040.0,426190.0,425254.0,427684.0,436667.0,457525.0,475825.0,489158.0,484967.0,481572.0,478422.0,479995.0,481456.0,479572.0,479633.0,490233.0
394602,159,"Fort Collins, CO",Msa,CO,443279.0,445850.0,447938.0,449667.0,454094.0,458112.0,456446.0,452542.0,445190.0,441857.0,438590.0,436924.0,435257.0,436333.0,439075.0,441273.0,444906.0,447131.0,446567.0,441567.0,436600.0,434967.0,435663.0,435663.0,439565.0,445892.0,457125.0,463222.0,467465.0,470565.0,475233.0,477333.0,473000.0,466773.0,463440.0,464440.0,,,,,,,,,,,,,,
