RegionID,RegionName,SizeRank,2014-01,2014-02,2014-03,2014-04,2014-05,2014-06,2014-07,2014-08,2014-09,2014-10,2014-11,2014-12,2015-01,2015-02,2015-03,2015-04,2015-05,2015-06,2015-07,2015-08,2015-09,2015-10,2015-11,2015-12,2016-01,2016-02,2016-03,2016-04,2016-05,2016-06,2016-07,2016-08,2016-09,2016-10,2016-11,2016-12,2017-01,2017-02,2017-03,2017-04,2017-05,2017-06,2017-07,2017-08,2017-09,2017-10,2017-11,2017-12,2018-01,2018-02,2018-03,2018-04,2018-05,2018-06,2018-07,2018-08,2018-09,2018-10,2018-11,2018-12,2019-01,2019-02,2019-03,2019-04,2019-05,2019-06,2019-07,2019-08,2019-09,2019-10,2019-11,2019-12,2020-01,2020-02,2020-03,2020-04,2020-05,2020-06,2020-07,2020-08,2020-09,2020-10,2020-11,2020-12,2021-01,2021-02,2021-03,2021-04,2021-05,2021-06,2021-07,2021-08,2021-09,2021-10,2021-11,2021-12,2022-01,2022-02
102001,United States,0,1263,1274,1275,1282,1294,1304,1314,1319,1320,1320,1320,1320,1325,1332,1340,1351,1360,1369,1374,1379,1380,1381,1381,1382,1387,1394,1402,1410,1419,1426,1428,1431,1430,1429,1429,1428,1432,1438,1446,1455,1464,1471,1477,1478,1478,1477,1476,1477,1481,1487,1495,1504,1513,1522,1527,1531,1531,1531,1532,1533,1537,1544,1552,1561,1572,1580,1585,1588,1588,1586,1585,1587,1592,1601,1605,1598,1595,1597,1598,1595,1593,1592,1596,1599,1603,1609,1625,1651,1681,1713,1748,1781,1805,1823,1840,1856,1862,1883
394913,"New York, NY",1,2222,2250,2257,2262,2294,2312,2330,2338,2340,2339,2342,2335,2345,2358,2373,2403,2414,2425,2432,2441,2449,2450,2443,2441,2443,2451,2454,2470,2484,2496,2484,2494,2500,2494,2493,2485,2482,2486,2497,2512,2528,2535,2544,2541,2548,2537,2519,2521,2515,2516,2525,2539,2553,2567,2579,2585,2585,2577,2569,2566,2566,2574,2589,2600,2625,2643,2651,2651,2644,2638,2625,2613,2620,2640,2645,2631,2614,2596,2565,2507,2453,2416,2397,2389,2390,2396,2419,2458,2503,2551,2611,2655,2694,2722,2747,2778,2810,2860
753899,"Los Angeles-Long Beach-Anaheim, CA",2,1808,1837,1826,1833,1857,1875,1894,1909,1919,1924,1923,1928,1941,1950,1966,1979,1990,2003,2018,2031,2039,2048,2056,2061,2073,2090,2102,2109,2128,2142,2146,2157,2164,2170,2171,2177,2189,2201,2212,2227,2243,2250,2264,2271,2275,2277,2282,2281,2292,2300,2308,2320,2330,2343,2352,2364,2369,2375,2382,2386,2390,2396,2403,2414,2423,2434,2444,2452,2456,2456,2460,2469,2474,2479,2477,2454,2439,2436,2433,2425,2427,2434,2439,2436,2434,2444,2458,2483,2514,2557,2600,2654,2690,2718,2742,2765,2784,2816
394463,"Chicago, IL",3,1414,1426,1427,1432,1447,1461,1470,1472,1467,1462,1461,1459,1462,1467,1457,1467,1487,1504,1514,1521,1516,1508,1500,1499,1507,1516,1526,1538,1550,1559,1565,1566,1557,1545,1537,1533,1533,1548,1560,1573,1585,1592,1595,1592,1584,1575,1569,1570,1573,1580,1592,1601,1613,1622,1624,1623,1616,1605,1602,1599,1608,1616,1628,1641,1652,1662,1667,1667,1662,1655,1646,1645,1653,1663,1672,1669,1668,1666,1662,1650,1633,1615,1604,1601,1603,1606,1626,1654,1679,1702,1721,1740,1746,1751,1757,1771,1785,1797
394514,"Dallas-Fort Worth, TX",4,1084,1110,1115,1131,1126,1129,1133,1136,1139,1137,1134,1137,1140,1146,1158,1167,1177,1184,1189,1194,1190,1189,1188,1190,1195,1199,1213,1224,1233,1242,1248,1249,1251,1251,1253,1253,1255,1261,1270,1275,1287,1295,1299,1302,1302,1304,1301,1302,1305,1311,1315,1323,1327,1335,1340,1344,1341,1345,1349,1346,1349,1359,1362,1372,1381,1387,1393,1393,1395,1394,1392,1390,1393,1400,1406,1400,1397,1402,1405,1406,1408,1414,1417,1419,1423,1432,1446,1472,1503,1540,1581,1617,1639,1652,1670,1680,1688,1699
394974,"Philadelphia, PA",5,1316,1283,1303,1306,1315,1326,1331,1336,1339,1333,1331,1318,1322,1325,1337,1348,1359,1366,1368,1368,1367,1363,1364,1362,1367,1373,1383,1391,1399,1405,1411,1405,1403,1400,1402,1400,1402,1407,1417,1424,1430,1432,1435,1436,1433,1433,1438,1438,1435,1440,1451,1460,1470,1474,1475,1478,1479,1480,1479,1483,1488,1494,1501,1507,1515,1525,1528,1528,1527,1530,1529,1529,1531,1544,1549,1542,1545,1547,1546,1549,1550,1551,1554,1560,1559,1560,1571,1589,1607,1626,1644,1675,1689,1705,1719,1741,1737,1742
394692,"Houston, TX",6,1141,1169,1158,1165,1190,1202,1216,1224,1224,1228,1225,1222,1227,1230,1235,1246,1253,1260,1265,1266,1263,1260,1259,1258,1258,1264,1270,1270,1270,1272,1271,1267,1264,1261,1255,1251,1250,1253,1260,1263,1269,1271,1271,1272,1276,1286,1293,1297,1298,1302,1307,1312,1315,1320,1323,1321,1321,1319,1323,1317,1318,1319,1325,1331,1338,1344,1347,1345,1342,1341,1339,1342,1345,1348,1353,1344,1337,1336,1334,1334,1337,1341,1347,1346,1345,1343,1353,1367,1394,1426,1457,1478,1482,1496,1503,1512,1511,1518
395209,"Washington, DC",7,1729,1769,1757,1756,1769,1783,1792,1797,1799,1787,1779,1768,1773,1781,1782,1796,1801,1811,1815,1813,1809,1812,1806,1808,1809,1815,1824,1832,1841,1850,1834,1843,1840,1837,1832,1831,1837,1843,1849,1864,1874,1879,1880,1882,1879,1870,1859,1857,1859,1865,1871,1887,1898,1910,1918,1921,1916,1911,1910,1909,1916,1925,1932,1945,1957,1967,1973,1974,1975,1967,1961,1958,1964,1971,1978,1971,1962,1960,1955,1944,1928,1912,1895,1886,1887,1889,1899,1924,1957,1994,2030,2064,2081,2097,2104,2110,2114,2120
394856,"Miami-Fort Lauderdale, FL",8,1687,1693,1695,1695,1709,1717,1735,1742,1755,1762,1771,1775,1780,1793,1796,1799,1812,1825,1828,1842,1854,1865,1876,1881,1885,1892,1898,1895,1900,1901,1902,1908,1911,1912,1919,1918,1923,1926,1930,1930,1931,1936,1943,1950,1956,1965,1965,1968,1972,1974,1977,1978,1984,1991,1997,2004,2013,2020,2026,2029,2028,2030,2035,2038,2038,2041,2047,2053,2060,2070,2079,2090,2092,2097,2093,2086,2075,2074,2076,2081,2089,2103,2120,2136,2154,2173,2203,2245,2297,2360,2440,2522,2580,2636,2710,2784,2817,2871
394347,"Atlanta, GA",9,1049,1062,1062,1070,1076,1083,1088,1092,1090,1091,1094,1096,1098,1104,1111,1120,1132,1143,1150,1151,1148,1149,1150,1152,1157,1165,1179,1187,1197,1208,1216,1218,1222,1226,1225,1224,1227,1234,1243,1252,1264,1273,1284,1289,1293,1291,1291,1292,1298,1305,1315,1324,1338,1346,1354,1360,1365,1369,1373,1376,1386,1390,1400,1410,1419,1429,1435,1440,1444,1442,1440,1441,1446,1454,1461,1455,1455,1462,1473,1485,1495,1505,1512,1523,1535,1552,1574,1605,1638,1684,1735,1791,1823,1846,1855,1855,1861,1867
394404,"Boston, MA",10,2096,2114,2116,2110,2127,2146,2161,2170,2164,2156,2139,2124,2136,2160,2183,2197,2217,2234,2238,2233,2227,2220,2209,2209,2237,2262,2278,2292,2313,2326,2326,2330,2318,2305,2287,2294,2324,2346,2356,2375,2387,2397,2404,2400,2388,2363,2363,2366,2390,2405,2421,2438,2453,2467,2471,2464,2445,2440,2436,2446,2467,2477,2496,2516,2535,2552,2550,2548,2532,2518,2513,2520,2540,2560,2572,2563,2554,2545,2526,2468,2421,2378,2357,2357,2379,2408,2441,2477,2515,2556,2587,2608,2639,2661,2690,2688,2699,2702
395057,"San Francisco, CA",11,2140,2074,2132,2160,2220,2290,2316,2360,2403,2428,2431,2442,2464,2491,2523,2545,2587,2631,2646,2674,2689,2698,2698,2705,2713,2726,2739,2757,2774,2797,2791,2804,2791,2777,2767,2752,2756,2774,2785,2800,2827,2851,2866,2873,2874,2864,2852,2854,2864,2866,2881,2894,2919,2934,2949,2962,2965,2961,2960,2961,2963,2974,2987,3000,3016,3039,3054,3054,3048,3036,3033,3035,3049,3063,3059,3044,3030,3004,2971,2907,2850,2809,2791,2764,2768,2775,2808,2841,2885,2944,2998,3024,3032,3041,3038,3058,3067,3084
394532,"Detroit, MI",12,938,944,949,951,958,963,969,972,971,970,970,968,969,973,981,982,988,995,998,1002,1005,994,997,998,1003,1005,1011,1016,1020,1027,1034,1043,1036,1037,1031,1029,1032,1036,1043,1052,1060,1068,1074,1077,1078,1075,1076,1075,1076,1082,1089,1090,1102,1108,1114,1117,1116,1115,1116,1116,1118,1118,1124,1133,1140,1148,1154,1157,1154,1153,1154,1154,1146,1152,1157,1160,1163,1171,1184,1190,1199,1215,1215,1226,1230,1239,1251,1263,1277,1294,1314,1330,1335,1348,1355,1363,1360,1371
395025,"Riverside, CA",13,1437,1448,1446,1445,1452,1459,1473,1473,1478,1481,1485,1495,1498,1506,1511,1523,1527,1532,1536,1544,1554,1557,1565,1568,1571,1579,1584,1590,1599,1610,1615,1619,1633,1632,1639,1640,1652,1655,1669,1684,1696,1704,1713,1722,1726,1734,1739,1736,1742,1755,1766,1779,1783,1798,1809,1819,1830,1836,1834,1845,1846,1853,1857,1867,1873,1878,1896,1905,1906,1915,1918,1922,1928,1936,1938,1931,1928,1946,1968,1994,2031,2063,2082,2096,2130,2138,2180,2217,2250,2301,2360,2410,2442,2449,2457,2479,2514,2537
394976,"Phoenix, AZ",14,953,968,963,964,972,978,980,984,987,988,990,992,994,1011,1016,1026,1034,1039,1039,1042,1047,1048,1052,1055,1062,1066,1074,1084,1091,1098,1102,1103,1104,1106,1108,1111,1115,1122,1132,1140,1149,1155,1160,1163,1167,1170,1170,1171,1178,1183,1197,1212,1220,1229,1237,1244,1249,1254,1260,1266,1269,1280,1291,1305,1318,1328,1336,1345,1346,1351,1358,1371,1378,1391,1394,1387,1387,1394,1405,1422,1438,1454,1471,1478,1493,1507,1534,1570,1621,1676,1733,1780,1811,1836,1862,1868,1880,1884
395078,"Seattle, WA",15,1337,1365,1356,1374,1402,1418,1429,1444,1449,1447,1445,1449,1457,1470,1485,1496,1509,1526,1537,1549,1554,1559,1553,1550,1560,1569,1593,1610,1638,1655,1651,1671,1672,1676,1668,1668,1676,1685,1709,1731,1753,1769,1781,1784,1779,1769,1755,1747,1752,1764,1778,1796,1813,1824,1833,1833,1828,1823,1818,1818,1821,1831,1847,1866,1884,1902,1911,1918,1909,1905,1899,1905,1921,1939,1952,1942,1931,1928,1925,1914,1892,1865,1838,1820,1827,1836,1862,1905,1947,1998,2046,2089,2121,2131,2137,2140,2142,2160
394865,"Minneapolis-St Paul, MN",16,1160,1178,1175,1179,1184,1197,1205,1214,1212,1207,1191,1189,1191,1200,1212,1224,1235,1244,1249,1248,1245,1242,1243,1244,1246,1258,1268,1275,1287,1294,1297,1299,1297,1299,1300,1292,1307,1318,1328,1335,1342,1350,1354,1357,1356,1348,1356,1356,1365,1370,1379,1391,1398,1410,1414,1414,1410,1411,1413,1413,1419,1427,1442,1453,1463,1474,1473,1461,1468,1466,1473,1470,1477,1488,1496,1497,1494,1496,1494,1497,1492,1501,1494,1493,1489,1484,1498,1513,1534,1547,1559,1568,1580,1579,1574,1577,1581,1596
395056,"San Diego, CA",17,1697,1677,1691,1699,1722,1738,1745,1754,1761,1764,1773,1772,1787,1807,1819,1828,1838,1847,1856,1867,1873,1872,1883,1882,1889,1900,1916,1934,1950,1968,1967,1973,1982,1980,1982,1983,1987,2004,2021,2029,2049,2062,2072,2083,2082,2083,2075,2079,2092,2106,2116,2125,2146,2160,2168,2182,2184,2182,2185,2181,2183,2190,2199,2210,2225,2231,2246,2257,2256,2261,2260,2260,2263,2270,2270,2256,2257,2267,2275,2282,2292,2299,2319,2333,2335,2344,2364,2401,2444,2487,2546,2602,2642,2680,2708,2735,2737,2778
395121,"St. Louis, MO",18,902,881,893,901,912,917,923,924,922,927,918,920,919,925,936,936,939,946,942,947,946,946,945,946,946,951,953,958,964,966,969,970,966,969,967,963,966,968,974,979,982,985,988,989,988,990,987,986,989,990,993,1001,1007,1004,1011,1012,1014,1012,1011,1012,1014,1019,1028,1036,1036,1050,1047,1047,1048,1047,1045,1045,1049,1054,1066,1067,1068,1069,1074,1079,1084,1089,1087,1086,1090,1095,1104,1121,1137,1144,1161,1168,1182,1187,1197,1204,1202,1214
395148,"Tampa, FL",19,1095,1103,1105,1105,1114,1117,1123,1127,1130,1131,1134,1138,1143,1149,1153,1157,1163,1172,1179,1183,1185,1191,1199,1200,1204,1210,1218,1226,1230,1236,1238,1243,1247,1250,1255,1254,1260,1264,1271,1279,1286,1294,1298,1303,1300,1306,1312,1314,1319,1328,1336,1346,1354,1360,1367,1370,1372,1375,1382,1382,1385,1390,1399,1405,1415,1419,1424,1432,1435,1439,1440,1445,1454,1458,1464,1458,1453,1464,1472,1485,1499,1513,1525,1533,1538,1561,1577,1609,1659,1719,1787,1856,1899,1931,1956,1973,1977,1999
394358,"Baltimore, MD",20,1387,1441,1423,1431,1437,1446,1458,1460,1458,1458,1457,1456,1449,1450,1449,1457,1462,1472,1481,1482,1477,1474,1471,1479,1473,1472,1479,1484,1489,1495,1494,1489,1483,1477,1472,1466,1466,1476,1476,1483,1501,1502,1504,1501,1494,1493,1490,1483,1481,1484,1494,1504,1512,1511,1513,1516,1511,1509,1509,1509,1512,1525,1532,1536,1543,1548,1552,1550,1548,1539,1540,1544,1549,1551,1546,1536,1535,1538,1544,1544,1549,1552,1559,1570,1569,1580,1595,1625,1647,1668,1701,1724,1738,1729,1749,1760,1763,1769
394530,"Denver, CO",21,1183,1143,1168,1192,1216,1250,1267,1281,1293,1302,1313,1315,1319,1336,1350,1367,1381,1396,1403,1410,1412,1415,1408,1419,1422,1432,1433,1443,1461,1469,1475,1476,1477,1463,1457,1454,1457,1465,1480,1491,1508,1520,1527,1528,1522,1516,1510,1510,1516,1524,1533,1545,1556,1570,1579,1583,1579,1574,1574,1576,1578,1587,1597,1607,1621,1637,1639,1639,1631,1628,1625,1624,1625,1638,1644,1627,1624,1625,1630,1627,1625,1624,1620,1619,1627,1631,1649,1682,1717,1755,1796,1829,1845,1849,1853,1862,1874,1885
394982,"Pittsburgh, PA",22,954,1008,996,1021,1027,1041,1047,1071,1062,1045,1047,1053,1033,1044,1050,1054,1063,1067,1074,1079,1063,1053,1062,1050,1057,1075,1082,1086,1088,1086,1087,1079,1069,1068,1065,1065,1069,1083,1090,1098,1099,1101,1102,1097,1089,1089,1092,1091,1101,1108,1116,1120,1127,1130,1136,1135,1128,1129,1134,1137,1137,1145,1153,1156,1159,1165,1168,1169,1174,1175,1180,1187,1186,1190,1190,1190,1194,1196,1196,1194,1187,1196,1201,1200,1204,1211,1216,1229,1237,1253,1256,1277,1291,1294,1304,1298,1299,1310
394998,"Portland, OR",23,1110,1135,1137,1140,1159,1179,1194,1204,1213,1218,1216,1220,1227,1233,1246,1261,1279,1299,1318,1337,1343,1347,1343,1343,1345,1356,1368,1384,1401,1415,1424,1424,1424,1416,1413,1410,1414,1423,1433,1445,1459,1465,1472,1476,1473,1463,1457,1449,1453,1460,1468,1477,1493,1503,1512,1517,1516,1510,1508,1507,1507,1517,1524,1532,1546,1552,1562,1569,1570,1567,1566,1567,1566,1572,1574,1566,1564,1572,1578,1585,1587,1581,1581,1576,1589,1587,1602,1629,1659,1690,1722,1751,1771,1776,1781,1785,1790,1796
394458,"Charlotte, NC",24,1050,1055,1055,1061,1072,1082,1089,1094,1091,1091,1090,1093,1095,1097,1100,1114,1128,1137,1144,1151,1150,1147,1149,1151,1155,1166,1173,1177,1185,1193,1200,1205,1207,1211,1209,1206,1215,1215,1222,1236,1247,1253,1261,1263,1264,1262,1264,1260,1261,1267,1274,1286,1297,1306,1311,1316,1315,1314,1323,1331,1330,1338,1345,1353,1368,1374,1381,1380,1386,1389,1385,1386,1393,1396,1404,1390,1385,1394,1402,1404,1410,1414,1423,1425,1436,1447,1464,1494,1522,1557,1594,1632,1661,1676,1692,1709,1716,1719
395045,"Sacramento, CA",25,1251,1277,1268,1268,1278,1286,1301,1302,1308,1316,1311,1312,1321,1324,1338,1350,1361,1370,1380,1396,1408,1409,1400,1411,1421,1426,1438,1458,1476,1491,1501,1512,1506,1511,1525,1534,1538,1551,1568,1579,1599,1614,1619,1634,1644,1649,1645,1649,1651,1659,1669,1681,1702,1717,1722,1734,1729,1731,1736,1741,1745,1757,1771,1779,1789,1802,1809,1811,1818,1817,1819,1811,1818,1835,1837,1839,1835,1854,1870,1886,1907,1921,1935,1943,1960,1970,1981,2004,2039,2081,2140,2161,2176,2191,2204,2194,2194,2212
395055,"San Antonio, TX",26,953,965,962,971,978,983,982,988,991,992,988,977,986,995,1003,1011,1019,1025,1028,1030,1025,1030,1032,1037,1032,1035,1046,1050,1056,1059,1058,1064,1064,1064,1069,1067,1067,1074,1080,1085,1089,1093,1098,1096,1095,1094,1092,1093,1093,1096,1104,1109,1114,1121,1124,1130,1130,1131,1133,1131,1134,1137,1141,1146,1155,1159,1165,1171,1175,1177,1171,1172,1173,1175,1175,1173,1172,1173,1179,1187,1189,1190,1194,1196,1199,1203,1214,1231,1251,1274,1308,1345,1365,1369,1374,1387,1388,1396
394943,"Orlando, FL",27,1115,1126,1126,1131,1139,1150,1171,1166,1165,1161,1158,1162,1165,1172,1176,1187,1200,1203,1214,1219,1222,1226,1224,1227,1233,1235,1240,1251,1264,1271,1280,1283,1283,1285,1281,1281,1290,1299,1297,1312,1325,1333,1342,1345,1335,1347,1352,1363,1370,1378,1388,1397,1406,1419,1426,1432,1433,1436,1438,1438,1442,1446,1454,1461,1473,1482,1488,1489,1492,1494,1491,1494,1496,1502,1505,1496,1493,1497,1503,1502,1504,1504,1507,1516,1524,1533,1551,1582,1616,1664,1718,1771,1807,1841,1871,1881,1889,1905
394466,"Cincinnati, OH",28,940,942,945,956,975,976,983,988,988,983,976,976,977,981,999,1000,1001,1010,1016,1024,1022,1023,1024,1023,1029,1029,1038,1039,1045,1046,1049,1055,1054,1052,1055,1064,1067,1073,1076,1082,1088,1091,1092,1092,1096,1094,1097,1100,1103,1105,1114,1121,1131,1132,1135,1137,1143,1153,1151,1158,1159,1162,1174,1180,1193,1195,1201,1204,1206,1203,1214,1212,1221,1229,1231,1235,1236,1240,1247,1249,1254,1261,1270,1276,1278,1284,1300,1318,1326,1341,1356,1358,1375,1391,1398,1406,1404,1419
394475,"Cleveland, OH",29,927,927,923,931,936,947,955,940,943,948,951,951,956,961,968,975,981,1005,994,987,984,987,991,980,988,998,1000,1004,1014,1031,1067,1054,1025,1010,1003,1001,997,1002,1003,1012,1015,1017,1020,1019,1024,1022,1020,1014,1019,1023,1028,1034,1043,1041,1046,1050,1050,1053,1053,1053,1056,1064,1070,1076,1080,1079,1082,1077,1076,1076,1080,1085,1084,1091,1090,1101,1103,1104,1103,1119,1117,1119,1122,1130,1131,1142,1156,1155,1173,1187,1205,1212,1227,1227,1233,1243,1235,1257
394735,"Kansas City, MO",30,859,847,857,871,875,890,908,905,900,893,890,888,893,890,904,909,910,924,926,934,926,926,927,928,929,933,940,946,949,954,956,961,962,963,964,966,967,970,972,981,987,988,994,997,995,998,1000,1002,998,1001,1007,1014,1021,1027,1028,1033,1035,1029,1030,1029,1032,1039,1045,1053,1060,1067,1072,1073,1073,1066,1067,1076,1074,1083,1091,1094,1096,1104,1114,1117,1133,1129,1126,1129,1128,1127,1139,1157,1176,1195,1209,1217,1208,1224,1234,1243,1243,1256
394775,"Las Vegas, NV",31,1007,1009,1009,1011,1018,1026,1030,1032,1032,1033,1034,1031,1032,1036,1041,1048,1055,1063,1068,1073,1075,1074,1076,1078,1079,1084,1091,1098,1108,1116,1118,1122,1124,1124,1126,1124,1127,1134,1143,1152,1162,1170,1179,1183,1189,1189,1191,1195,1196,1207,1216,1228,1241,1250,1258,1266,1268,1271,1278,1278,1284,1292,1302,1313,1326,1335,1343,1347,1348,1346,1344,1346,1350,1358,1361,1347,1346,1355,1372,1390,1403,1419,1431,1435,1446,1464,1482,1515,1565,1623,1683,1738,1766,1784,1794,1798,1810,1805
394492,"Columbus, OH",32,918,948,926,921,932,935,934,940,944,957,955,952,944,946,954,961,976,983,984,989,989,995,1003,993,996,996,1002,1008,1018,1026,1024,1019,1018,1020,1020,1029,1027,1032,1045,1048,1056,1062,1065,1067,1067,1070,1073,1079,1077,1083,1095,1104,1109,1115,1120,1117,1121,1121,1124,1125,1133,1141,1147,1149,1150,1155,1158,1160,1170,1170,1170,1171,1179,1183,1183,1190,1193,1201,1208,1215,1217,1229,1235,1239,1238,1239,1254,1259,1276,1291,1315,1331,1333,1346,1357,1375,1368,1377
394705,"Indianapolis, IN",33,943,939,944,947,960,966,965,970,968,972,964,960,955,962,974,980,981,983,986,990,993,994,998,997,995,995,1001,1012,1018,1021,1029,1026,1023,1019,1015,1013,1017,1023,1028,1036,1043,1048,1050,1050,1053,1057,1058,1056,1064,1063,1070,1076,1082,1087,1092,1095,1094,1094,1095,1094,1099,1105,1115,1126,1133,1141,1145,1141,1149,1148,1141,1140,1147,1156,1163,1163,1174,1190,1198,1208,1214,1218,1212,1224,1229,1246,1252,1262,1286,1316,1338,1359,1372,1377,1377,1377,1383,1396
395059,"San Jose, CA",34,2088,2101,2105,2133,2216,2325,2364,2402,2436,2433,2435,2442,2466,2502,2515,2544,2579,2635,2667,2707,2687,2705,2692,2695,2698,2717,2713,2726,2750,2757,2776,2756,2743,2713,2693,2688,2708,2715,2726,2751,2775,2799,2817,2809,2816,2800,2783,2780,2798,2816,2835,2853,2877,2910,2925,2928,2924,2917,2903,2887,2900,2918,2939,2951,2966,2988,3002,3010,2996,2981,2972,2976,2988,3008,3019,2993,2972,2947,2916,2875,2843,2791,2764,2745,2739,2744,2768,2787,2838,2879,2927,2976,2989,2983,2990,3003,3027,3059
394355,"Austin, TX",35,1180,1186,1184,1196,1212,1220,1238,1242,1244,1237,1236,1237,1246,1249,1263,1268,1280,1285,1293,1297,1297,1294,1297,1302,1305,1308,1316,1322,1329,1337,1339,1334,1331,1327,1325,1323,1325,1332,1341,1348,1353,1363,1364,1357,1346,1343,1342,1340,1336,1346,1354,1363,1375,1390,1397,1402,1403,1402,1407,1404,1406,1415,1422,1431,1441,1452,1461,1464,1462,1463,1463,1462,1464,1472,1478,1465,1453,1452,1454,1449,1439,1434,1437,1439,1453,1467,1490,1528,1574,1629,1697,1748,1770,1784,1785,1797,1788,1798
395194,"Virginia Beach, VA",36,1137,1153,1150,1152,1158,1162,1167,1166,1164,1162,1163,1166,1165,1166,1170,1175,1175,1180,1182,1182,1179,1178,1175,1176,1181,1187,1187,1191,1194,1194,1194,1192,1187,1188,1184,1186,1194,1198,1203,1212,1211,1210,1214,1215,1215,1212,1210,1207,1208,1216,1226,1232,1231,1231,1236,1238,1234,1234,1238,1238,1242,1250,1256,1260,1269,1272,1272,1276,1274,1274,1279,1280,1279,1283,1284,1282,1282,1287,1302,1316,1323,1332,1339,1348,1352,1359,1374,1393,1422,1446,1479,1502,1533,1547,1542,1543,1530,1538
394902,"Nashville, TN",37,1071,1085,1085,1114,1120,1133,1144,1148,1152,1160,1161,1159,1160,1171,1184,1194,1203,1216,1221,1224,1222,1226,1223,1229,1238,1242,1259,1262,1274,1283,1292,1302,1293,1290,1280,1285,1289,1291,1303,1313,1329,1332,1336,1346,1344,1332,1323,1322,1327,1328,1340,1352,1360,1374,1375,1373,1370,1370,1365,1368,1373,1382,1390,1401,1415,1423,1432,1430,1429,1427,1431,1437,1443,1447,1454,1456,1455,1457,1461,1462,1454,1452,1450,1455,1465,1466,1486,1517,1548,1584,1625,1674,1692,1710,1725,1737,1754,1774
395005,"Providence, RI",38,1094,1175,1168,1158,1156,1172,1176,1163,1139,1150,1141,1142,1151,1185,1198,1202,1219,1211,1215,1209,1193,1202,1216,1217,1232,1242,1242,1259,1262,1254,1271,1274,1254,1258,1254,1268,1276,1298,1317,1321,1324,1326,1314,1311,1265,1290,1308,1317,1345,1350,1362,1377,1380,1387,1384,1374,1374,1367,1379,1388,1396,1413,1427,1446,1454,1452,1443,1436,1433,1447,1444,1437,1452,1468,1487,1491,1480,1491,1515,1516,1518,1531,1561,1571,1573,1586,1597,1636,1683,1688,1712,1725,1730,1736,1746,1770,1794,1809
394862,"Milwaukee, WI",39,,918,955,934,936,945,953,958,957,954,954,954,964,952,958,972,973,975,973,979,973,977,971,967,967,972,977,991,987,993,995,991,987,987,986,989,988,989,993,998,1010,1011,1009,1008,1005,1001,998,1004,1009,1010,1014,1021,1027,1032,1029,1028,1027,1028,1026,1028,1032,1039,1044,1049,1055,1054,1057,1053,1058,1057,1059,1062,1061,1067,1069,1073,1071,1076,1081,1083,1083,1091,1086,1082,1088,1096,1100,1112,1120,1137,1143,1161,1164,1166,1164,1163,1176,1179
394714,"Jacksonville, FL",40,1057,1047,1056,1071,1068,1071,1072,1074,1075,1076,1075,1073,1079,1075,1075,1083,1093,1102,1108,1111,1109,1110,1109,1111,1115,1123,1127,1133,1137,1143,1144,1151,1150,1145,1149,1146,1151,1154,1163,1171,1179,1187,1192,1199,1181,1188,1196,1199,1207,1211,1219,1228,1237,1248,1254,1258,1258,1259,1260,1266,1262,1268,1274,1281,1288,1296,1303,1307,1311,1305,1306,1307,1311,1316,1320,1317,1318,1324,1333,1350,1357,1366,1369,1373,1386,1402,1420,1450,1482,1529,1582,1624,1659,1672,1694,1711,1711,1719
394849,"Memphis, TN",41,979,968,981,983,989,994,997,997,995,999,999,1003,1004,1003,1001,1003,1007,1009,1012,1014,1014,1012,1015,1015,1015,1022,1024,1026,1027,1033,1035,1033,1036,1038,1036,1037,1037,1037,1040,1046,1049,1048,1056,1058,1060,1058,1058,1057,1064,1065,1069,1077,1081,1090,1095,1097,1096,1096,1100,1103,1105,1112,1119,1126,1131,1135,1141,1142,1144,1140,1141,1145,1155,1166,1178,1182,1184,1198,1210,1231,1243,1250,1264,1260,1274,1282,1297,1322,1358,1379,1397,1421,1430,1453,1458,1469,1473,1478
394935,"Oklahoma City, OK",42,964,979,980,991,999,1006,1013,1013,1004,1003,1004,1012,1015,1013,1019,1021,1039,1041,1041,1037,1026,1014,1007,1016,1019,1027,1028,1032,1034,1038,1033,1032,1022,1013,1009,1014,1007,1016,1026,1027,1033,1039,1041,1042,1035,1032,1022,1024,1033,1034,1043,1048,1050,1057,1058,1058,1058,1058,1059,1060,1059,1067,1069,1076,1112,1103,1095,1093,1091,1089,1088,1087,1091,1091,1099,1101,1106,1105,1109,1112,1116,1124,1129,1125,1128,1129,1140,1158,1179,1206,1224,1243,1248,1252,1257,1258,1265,1271
394807,"Louisville-Jefferson County, KY",43,831,844,842,842,857,860,870,873,871,873,868,870,869,882,879,903,893,892,900,899,901,889,893,896,902,900,908,915,925,935,934,938,934,934,934,940,942,956,959,962,967,973,975,974,973,966,962,972,973,983,988,989,993,997,994,1001,1001,1001,1001,1000,1005,1009,1013,1026,1029,1032,1030,1026,1034,1029,1026,1027,1036,1041,1048,1046,1050,1060,1066,1067,1072,1078,1078,1077,1077,1082,1086,1104,1114,1117,1134,1139,1151,1150,1163,1175,1184,1196
394669,"Hartford, CT",44,1207,1187,1179,1185,1190,1201,1214,1213,1213,1211,1210,1210,1213,1225,1225,1231,1231,1239,1241,1238,1235,1236,1234,1236,1242,1247,1246,1246,1255,1258,1260,1263,1261,1253,1255,1257,1256,1261,1267,1273,1282,1284,1285,1286,1282,1279,1275,1274,1281,1287,1290,1297,1306,1306,1311,1306,1306,1304,1311,1313,1317,1319,1322,1328,1328,1336,1340,1341,1335,1330,1329,1341,1347,1348,1346,1354,1351,1362,1368,1375,1388,1392,1405,1403,1409,1401,1420,1442,1467,1487,1501,1509,1532,1518,1547,1551,1529,1546
395022,"Richmond, VA",45,,1020,1042,1039,1059,1071,1077,1073,1079,1072,1067,1073,1076,1074,1081,1090,1091,1086,1098,1107,1101,1098,1103,1094,1102,1101,1121,1126,1123,1126,1142,1131,1130,1124,1123,1122,1123,1131,1135,1150,1159,1163,1167,1162,1158,1158,1163,1166,1173,1173,1182,1195,1204,1209,1209,1207,1202,1202,1210,1209,1212,1218,1229,1239,1246,1247,1249,1254,1255,1250,1249,1256,1258,1262,1269,1260,1269,1270,1276,1282,1282,1287,1297,1297,1303,1309,1325,1337,1363,1391,1415,1412,1437,1451,1478,1489,1475,1487
394910,"New Orleans, LA",46,1126,1097,1107,1094,1096,1098,1134,1133,1127,1101,1112,1124,1132,1126,1128,1126,1135,1144,1143,1143,1144,1147,1149,1161,1161,1152,1147,1150,1158,1154,1151,1150,1159,1166,1162,1175,1165,1175,1168,1167,1172,1171,1174,1181,1184,1186,1186,1186,1155,1159,1180,1185,1185,1184,1187,1185,1188,1194,1198,1181,1182,1185,1191,1194,1200,1198,1204,1203,1217,1215,1224,1220,1218,1221,1213,1210,1211,1208,1216,1209,1226,1234,1235,1244,1257,1254,1257,1275,1291,1268,1298,1326,1366,1369,1411,1467,1460,1492
394425,"Buffalo, NY",47,789,725,761,777,780,786,799,781,793,804,795,795,799,809,821,824,845,819,831,841,842,835,837,840,846,837,846,854,860,860,857,864,864,867,863,866,883,888,887,886,888,895,896,893,887,891,896,903,901,907,912,915,925,926,927,927,921,921,926,931,936,943,951,951,957,955,955,952,949,956,956,958,970,978,991,982,983,993,993,1003,999,1003,1003,1006,1018,1031,1026,1043,1054,1065,1083,1096,1103,1105,1093,1109,1107,1132
395012,"Raleigh, NC",48,1120,1116,1110,1123,1130,1140,1148,1150,1148,1144,1140,1136,1145,1151,1160,1167,1175,1184,1193,1193,1195,1190,1186,1178,1184,1191,1204,1213,1220,1227,1231,1234,1237,1235,1230,1224,1225,1231,1238,1247,1256,1268,1270,1268,1267,1265,1262,1261,1261,1266,1273,1284,1291,1300,1306,1310,1310,1304,1305,1303,1307,1319,1328,1334,1346,1359,1364,1365,1365,1364,1359,1364,1370,1366,1375,1367,1360,1368,1374,1379,1386,1386,1392,1394,1402,1406,1422,1448,1482,1518,1566,1603,1620,1635,1644,1654,1667,1672
394388,"Birmingham, AL",49,932,939,937,936,936,943,945,957,954,951,945,951,952,958,959,964,965,967,972,973,976,973,977,976,976,985,980,994,987,987,991,987,992,997,987,989,992,992,996,1000,1003,1004,1012,1006,1024,1014,1017,1022,1020,1015,1023,1031,1036,1042,1033,1042,1039,1049,1051,1056,1064,1069,1075,1072,1076,1080,1082,1084,1091,1088,1087,1087,1088,1096,1118,1116,1110,1106,1118,1122,1138,1128,1140,1150,1153,1154,1160,1169,1185,1195,1225,1237,1241,1251,1271,1275,1281,1279
395053,"Salt Lake City, UT",50,,1000,1005,1005,1019,1028,1036,1035,1023,1033,1026,1032,1037,1039,1041,1056,1061,1076,1076,1067,1075,1077,1079,1087,1090,1092,1102,1107,1112,1118,1119,1132,1135,1134,1137,1132,1133,1146,1153,1164,1176,1186,1184,1195,1204,1201,1189,1178,1189,1216,1224,1225,1236,1239,1251,1255,1263,1261,1256,1265,1269,1270,1279,1293,1301,1304,1315,1317,1320,1314,1310,1306,1312,1314,1327,1318,1312,1318,1324,1329,1340,1340,1335,1338,1343,1355,1380,1412,1454,1486,1504,1521,1539,1567,1579,1597,1606,1629
395031,"Rochester, NY",51,,895,873,889,903,897,913,926,928,926,911,926,918,930,936,925,936,940,947,944,958,955,952,955,961,951,954,954,963,974,972,970,974,974,963,967,969,985,981,985,993,995,999,1002,1000,997,994,1001,1010,1020,1015,1018,1024,1032,1031,1036,1031,1027,1025,1022,1030,1036,1037,1047,1057,1062,1063,1051,1046,1038,1049,1050,1059,1062,1072,1073,1069,1071,1083,1083,1085,1085,1098,1106,1122,1143,1154,1170,1187,1200,1215,1224,1219,1221,1221,1237,1218,1239
394640,"Grand Rapids, MI",52,782,812,806,824,860,863,869,872,872,864,869,861,865,873,881,902,915,932,936,931,937,934,942,939,946,948,966,986,1003,1011,1021,1014,1017,1012,1014,1016,1013,1028,1030,1036,1065,1078,1081,1078,1077,1071,1073,1063,1064,1075,1088,1105,1115,1124,1126,1129,1125,1122,1124,1124,1130,1133,1138,1150,1175,1178,1179,1173,1172,1177,1183,1175,1178,1187,1193,1200,1207,1218,1222,1217,1225,1236,1237,1242,1237,1248,1272,1287,1305,1328,1374,1389,1379,1352,1382,1405,1400,1411
395167,"Tucson, AZ",53,928,941,939,939,943,945,948,946,946,944,947,943,945,949,951,956,956,962,967,963,964,970,960,965,970,976,979,985,990,985,989,994,996,998,995,1003,1005,1014,1023,1029,1037,1038,1040,1043,1044,1047,1049,1053,1057,1067,1067,1083,1087,1097,1104,1110,1110,1117,1121,1129,1131,1138,1143,1149,1159,1161,1169,1183,1177,1178,1189,1195,1205,1212,1209,1203,1206,1214,1225,1242,1261,1286,1292,1293,1298,1314,1341,1374,1387,1410,1427,1453,1483,1519,1533,1551,1554,1582
753924,"Urban Honolulu, HI",54,1901,1934,1930,1921,1965,1988,1973,1995,2044,2051,2067,2104,2106,2097,2104,2100,2109,2110,2115,2135,2140,2134,2142,2146,2150,2130,2146,2150,2146,2158,2170,2170,2167,2154,2169,2162,2163,2166,2175,2190,2188,2177,2183,2188,2186,2187,2187,2187,2186,2200,2207,2207,2214,2226,2226,2227,2222,2221,2222,2222,2231,2234,2253,2261,2254,2246,2264,2262,2265,2268,2259,2258,2267,2285,2268,2256,2250,2242,2242,2246,2248,2229,2257,2268,2277,2307,2315,2370,2409,2363,2416,2446,2464,2486,2474,2504,2465,2572
395169,"Tulsa, OK",55,916,933,924,917,928,933,951,949,941,946,949,951,941,954,951,951,974,967,968,989,975,972,973,969,970,957,967,968,976,978,982,982,971,1002,995,995,982,978,980,984,985,990,988,987,982,986,990,986,992,996,991,991,996,1002,1005,1007,1006,1006,1001,997,1005,1007,1004,1004,1129,,1056,1040,1034,1039,1041,1034,1039,1041,1048,1041,1031,1042,1059,1077,1077,1096,1107,1107,1100,1101,1122,1140,1157,1173,1205,1224,1231,1194,1252,1277,1272,1264
394619,"Fresno, CA",56,1156,1186,1176,1180,1204,1194,1186,1190,1194,1197,1203,1204,1207,1211,1209,1220,1224,1232,1229,1222,1222,1232,1236,1239,1245,1255,1259,1262,1265,1275,1281,1284,1287,1276,1286,1290,1286,1293,1303,1311,1329,1340,1350,1353,1352,1358,1355,1370,1356,1367,1374,1390,1401,1405,1416,1416,1431,1433,1428,1452,1448,1462,1463,1474,1476,1488,1502,1503,1510,1517,1510,1529,1543,1554,1548,1532,1534,1543,1544,1562,1578,1591,1610,1620,1644,1673,1711,1749,1780,1819,1878,1908,1904,1895,1919,1906,1913,1922
395238,"Worcester, MA",57,1058,1038,1054,1052,1063,1068,1077,1080,1090,1086,1088,1089,1087,1093,1100,1105,1110,1122,1124,1125,1124,1127,1129,1139,1140,1145,1149,1156,1173,1179,1182,1183,1186,1190,1188,1198,1198,1211,1214,1227,1236,1241,1235,1239,1241,1245,1242,1250,1261,1263,1277,1279,1282,1297,1316,1315,1325,1325,1319,1324,1325,1338,1341,1354,1361,1361,1375,1371,1382,1384,1391,1398,1409,1416,1406,1414,1403,1418,1428,1429,1442,1445,1455,1465,1456,1465,1464,1498,1530,1546,1567,1588,1593,1603,1642,1635,1631,1671
394415,"Stamford, CT",58,1707,1721,1726,1752,1799,1838,1842,1830,1821,1819,1813,1840,1846,1836,1845,1851,1871,1870,1883,1877,1881,1865,1852,1862,1885,1874,1885,1880,1899,1904,1905,1903,1898,1901,1884,1879,1889,1929,1919,1927,1944,1937,1938,1940,1934,1935,1932,1921,1934,1933,1951,1967,1975,1991,1992,1989,1990,1981,1982,1983,1992,1999,1998,2015,2024,2034,2037,2046,2059,2052,2029,2027,2021,2047,2058,2067,2072,2084,2096,2104,2124,2142,2136,2125,2140,2157,2178,2227,2268,2300,2325,2344,2342,2334,2360,2338,2357,2372
394312,"Albuquerque, NM",59,904,904,908,907,914,914,921,925,920,919,918,915,919,917,924,933,938,941,944,947,945,944,938,939,937,942,948,957,960,966,971,974,971,972,967,962,962,971,974,979,983,991,992,993,987,985,989,988,991,995,1003,1008,1013,1018,1023,1028,1024,1024,1022,1023,1025,1032,1038,1043,1054,1063,1072,1075,1079,1076,1075,1073,1078,1089,1091,1087,1080,1102,1121,1132,1148,1153,1155,1154,1162,1175,1191,1220,1237,1270,1305,1346,1357,1356,1368,1385,1375,1394
394308,"Albany, NY",60,1012,1044,1014,1047,1049,1047,1064,1086,1082,1088,1076,1087,1096,1092,1096,1092,1093,1098,1094,1092,1080,1099,1096,1091,1101,1100,1123,1122,1124,1124,1120,1124,1132,1128,1128,1160,1151,1153,1141,1150,1153,1157,1150,1149,1147,1133,1152,1142,1162,1171,1181,1179,1180,1177,1174,1180,1188,1188,1169,1192,1197,1185,1194,1188,1202,1207,1216,1215,1206,1212,1216,1220,1230,1222,1230,1262,1237,1232,1232,1235,1252,1265,1260,1266,1267,1237,1259,1293,1322,1330,1355,1349,1365,1367,1374,1384,1371,1389
394938,"Omaha, NE",61,839,803,830,832,843,845,856,853,856,858,857,864,864,872,888,897,886,891,891,891,889,885,885,892,895,896,902,905,912,915,919,924,925,925,923,921,923,929,932,938,947,941,954,952,948,946,945,947,943,953,951,958,968,970,970,971,974,975,973,975,980,982,984,988,999,1009,1010,1008,1005,1009,1012,1014,1017,1021,1034,1038,1045,1050,1055,1061,1057,1052,1051,1056,1057,1065,1076,1081,1099,1124,1137,1142,1144,1150,1155,1159,1156,1169
394908,"New Haven, CT",62,1219,1237,1237,1250,1265,1275,1286,1276,1275,1265,1283,1286,1290,1290,1301,1309,1315,1310,1314,1311,1307,1302,1311,1293,1304,1324,1323,1342,1350,1351,1348,1341,1338,1333,1331,1333,1340,1341,1349,1363,1367,1371,1370,1379,1368,1365,1372,1376,1373,1380,1385,1396,1402,1401,1405,1403,1414,1403,1405,1414,1420,1421,1432,1441,1442,1435,1436,1437,1432,1447,1457,1459,1458,1472,1473,1475,1477,1483,1477,1485,1492,1515,1526,1523,1530,1525,1537,1541,1576,1626,1665,1670,1673,1698,1731,1725,1705,1712
394357,"Bakersfield, CA",63,1038,988,1010,1016,1028,1053,1047,1050,1049,1044,1048,1049,1045,1057,1066,1071,1070,1071,1071,1070,1073,1068,1067,1066,1063,1076,1067,1079,1079,1087,1095,1097,1098,1096,1098,1104,1104,1106,1115,1118,1121,1123,1127,1128,1134,1116,1124,1133,1144,1147,1152,1162,1167,1169,1173,1177,1181,1185,1185,1186,1201,1204,1226,1232,1233,1238,1238,1241,1246,1251,1253,1252,1263,1281,1267,1279,1279,1295,1319,1346,1343,1358,1362,1353,1387,1392,1399,1421,1460,1459,1490,1495,1544,1539,1572,1599,1588,1633
394753,"Knoxville, TN",64,913,932,929,935,938,939,939,945,935,937,937,937,953,955,969,976,979,965,969,969,955,947,945,949,948,969,972,983,999,1006,1008,1010,999,986,993,997,997,1015,1020,1030,1033,1032,1042,1041,1043,1042,1043,1032,1046,1051,1059,1059,1077,1079,1087,1085,1094,1091,1090,1096,1113,1113,1127,1129,1134,1154,1147,1150,1152,1156,1155,1166,1169,1175,1163,1162,1164,1177,1188,1208,1219,1236,1237,1243,1248,1264,1264,1279,1328,1366,1398,1432,1461,1467,1469,1493,1497,1513
394653,"Greenville, SC",65,966,1036,1020,1008,1000,987,991,992,992,990,974,976,979,980,1003,1016,1026,1032,1028,1026,1028,1032,1035,1035,1042,1050,1065,1084,1088,1084,1080,1080,1086,1073,1060,1069,1062,1070,1084,1094,1105,1110,1110,1112,1105,1097,1098,1097,1108,1114,1120,1134,1135,1144,1146,1144,1152,1149,1149,1148,1148,1158,1163,1168,1181,1185,1189,1181,1191,1184,1188,1189,1188,1201,1214,1206,1197,1197,1191,1199,1204,1204,1212,1222,1230,1228,1249,1265,1290,1319,1359,1378,1377,1395,1402,1396,1399,1402
394952,"Ventura, CA",66,1938,1941,1910,1931,1948,1959,1984,1992,2002,1995,2010,2013,2020,2014,2039,2069,2081,2081,2095,2102,2108,2105,2107,2094,2101,2108,2137,2144,2155,2176,2194,2198,2199,2211,2221,2205,2216,2233,2259,2265,2276,2268,2277,2284,2297,2284,2290,2310,2316,2343,2349,2339,2361,2378,2385,2403,2390,2412,2420,2422,2419,2431,2451,2425,2447,2464,2466,2467,2463,2466,2474,2489,2501,2507,2506,2462,2473,2481,2498,2516,2527,2538,2558,2611,2620,2600,2655,2723,2739,2793,2829,2845,2914,2934,2940,2986,2981,3008
394318,"Allentown, PA",67,1109,1133,1120,1126,1138,1151,1147,1147,1151,1150,1140,1145,1135,1138,1147,1163,1161,1166,1167,1172,1164,1170,1164,1173,1174,1173,1186,1188,1191,1196,1205,1197,1202,1205,1202,1195,1196,1204,1222,1226,1226,1232,1229,1241,1245,1244,1234,1231,1233,1242,1246,1257,1264,1267,1278,1276,1282,1269,1279,1285,1276,1292,1296,1303,1314,1316,1324,1326,1334,1323,1324,1326,1330,1336,1331,1332,1339,1345,1356,1368,1386,1405,1417,1418,1439,1442,1473,1489,1515,1558,1580,1596,1603,1618,1634,1661,1687,1689
394561,"El Paso, TX",68,990,999,996,1002,1001,1003,999,1010,998,999,997,1000,1000,1002,1001,1003,1007,1008,1008,1010,1005,1000,995,1001,1001,1009,1008,1009,1009,1011,1012,1008,1006,1003,1009,1024,1012,1012,1015,1012,1011,1015,1016,1015,1015,1010,1010,1012,1013,1011,1015,1024,1025,1029,1033,1033,1025,1024,1029,1036,1035,1026,1035,1042,1048,1048,1051,1058,1064,1061,1062,1065,1072,1075,1077,1087,1092,1096,1107,1113,1115,1122,1140,1136,1135,1154,1162,1171,1189,1169,1190,1230,1241,1255,1254,1274,1285,1325
394367,"Baton Rouge, LA",69,1037,1051,1061,1037,1039,1035,1045,1053,1054,1057,1041,1035,1043,1056,1064,1100,1086,1073,1074,1063,1067,1064,1055,1062,1079,1076,1099,1096,1092,1103,1096,1095,1108,1114,1127,1126,1128,1128,1131,1129,1121,1121,1109,1105,1107,1115,1110,1118,1105,1109,1110,1122,1125,1121,1119,1116,1120,1122,1112,1107,1109,1106,1111,1118,1125,1127,1120,1119,1121,1118,1113,1096,1104,1101,1108,1110,1117,1116,1122,1133,1139,1130,1131,1128,1138,1143,1143,1164,1159,1177,1196,1208,1235,1240,1232,1244,1253,1262
394521,"Dayton, OH",70,799,794,794,790,800,807,808,818,820,813,818,813,812,815,814,821,826,831,835,838,833,832,838,839,843,850,858,859,864,865,862,863,861,859,873,867,870,868,872,875,884,889,895,899,899,898,901,907,903,904,915,907,922,922,934,931,930,930,925,934,936,939,944,950,954,953,969,972,970,978,986,984,983,989,990,984,995,1001,1009,1015,1017,1022,1029,1038,1037,1047,1059,1059,1061,1080,1108,1122,1146,1152,1154,1148,1157,1170
394843,"McAllen, TX",71,737,830,,779,777,788,783,799,806,807,806,794,805,794,812,812,808,810,808,813,818,809,811,820,825,828,815,819,820,821,827,813,820,841,829,824,824,846,834,830,824,825,831,831,834,839,859,844,837,851,844,845,841,840,837,839,842,850,850,853,858,856,854,851,857,850,857,870,864,864,871,869,868,865,870,873,873,878,883,891,885,897,896,896,902,913,917,931,944,944,962,964,981,993,993,995,992,1014
394486,"Columbia, SC",72,,978,944,964,973,979,984,984,983,981,987,992,983,972,980,984,993,1001,1011,1009,1003,1001,999,997,1012,1004,1016,1012,1019,1017,1026,1033,1028,1029,1038,1029,1028,1033,1044,1043,1046,1053,1053,1056,1050,1056,1060,1059,1054,1067,1069,1078,1082,1084,1091,1094,1095,1097,1098,1096,1101,1110,1114,1128,1134,1140,1144,1142,1137,1136,1138,1135,1141,1150,1161,1158,1168,1176,1186,1183,1191,1198,1203,1203,1221,1223,1245,1257,1271,1305,1325,1347,1367,1380,1404,1404,1387,1391
394648,"Greensboro, NC",73,907,940,926,926,924,920,930,929,924,926,922,923,925,925,937,948,953,952,958,957,952,942,930,935,950,950,944,956,964,963,972,975,975,961,976,976,1006,993,993,996,1000,1008,1011,1009,1013,1010,999,1005,1011,1024,1027,1029,1029,1029,1039,1046,1047,1049,1043,1049,1058,1066,1070,1076,1090,1091,1097,1098,1098,1101,1107,1103,1110,1116,1119,1124,1135,1136,1149,1149,1147,1168,1179,1188,1188,1214,1228,1235,1247,1276,1296,1313,1327,1357,1382,1388,1389,1414
394304,"Akron, OH",74,804,776,772,788,798,817,798,806,813,817,811,819,824,820,830,836,834,845,844,842,838,840,846,848,851,847,844,847,852,858,859,857,858,863,867,861,856,855,863,870,879,876,877,873,876,871,871,870,874,872,884,891,891,893,898,890,889,889,892,895,900,904,912,905,909,918,907,918,924,923,935,930,939,933,938,936,946,953,956,961,952,958,963,953,990,995,991,1023,1034,1042,1057,1063,1057,1055,1079,1075,1054,1088
753906,"North Port-Sarasota-Bradenton, FL",75,1274,1325,1313,1328,1327,1329,1344,1356,1358,1369,1384,1415,1420,1422,1420,1424,1420,1438,1443,1451,1455,1471,1481,1486,1505,1504,1522,1504,1491,1490,1495,1492,1505,1512,1538,1538,1544,1544,1557,1557,1543,1545,1538,1547,1555,1568,1574,1591,1593,1596,1598,1587,1590,1597,1608,1614,1624,1624,1639,1652,1660,1655,1646,1646,1650,1649,1669,1686,1681,1693,1711,1717,1724,1708,1696,1693,1674,1681,1705,1714,1726,1773,1790,1829,1799,1811,1829,1857,1924,2003,2093,2178,2229,2282,2352,2445,2433,2380
394798,"Little Rock, AR",76,794,813,792,801,801,803,809,815,817,811,804,806,803,812,816,816,828,827,823,819,820,823,816,818,822,826,826,825,826,829,831,833,820,825,828,834,834,837,841,841,839,840,840,842,844,841,844,842,843,847,847,848,845,843,849,851,856,858,859,858,854,859,867,868,871,876,880,874,873,873,876,878,884,886,887,888,890,899,911,918,921,921,925,928,934,941,948,964,966,982,1006,1030,1036,1031,1041,1046,1035,1042
395134,"Stockton, CA",77,1349,1374,1361,1366,1377,1371,1390,1399,1417,1447,1426,1426,1417,1425,1447,1456,1470,1483,1483,1541,1535,1538,1527,1533,1536,1565,1576,1586,1594,1617,1629,1627,1656,1661,1648,1675,1686,1693,1701,1728,1738,1749,1770,1794,1802,1803,1788,1796,1807,1812,1824,1832,1849,1860,1891,1900,1906,1903,1910,1911,1911,1911,1925,1943,1954,1969,1987,2000,1996,1999,1991,2013,2050,2056,2054,2048,2055,2059,2087,2125,2126,2140,2144,2193,2216,2258,2287,2313,2391,2438,2465,2478,2495,2493,2455,2482,2497,2540
394457,"Charleston, SC",78,1105,1140,1132,1175,1164,1161,1167,1169,1172,1167,1177,1176,1188,1206,1209,1215,1221,1229,1240,1232,1214,1225,1219,1221,1221,1245,1260,1269,1273,1287,1298,1290,1292,1291,1290,1290,1295,1298,1312,1321,1331,1341,1347,1345,1352,1349,1351,1342,1343,1355,1360,1370,1377,1388,1392,1393,1401,1400,1395,1387,1391,1401,1410,1417,1428,1437,1440,1435,1437,1441,1434,1438,1461,1461,1457,1456,1442,1445,1459,1463,1469,1460,1456,1475,1487,1479,1500,1530,1565,1604,1656,1711,1720,1735,1756,1757,1743,1748
395143,"Syracuse, NY",79,918,908,922,934,949,954,972,987,981,968,944,944,955,946,970,968,997,1007,1002,998,991,986,988,1005,1008,1007,1014,1030,1038,1034,1003,1014,1017,1009,1035,1033,1033,1034,1035,1030,1046,1047,1044,1052,1041,1056,1080,1087,1077,1081,1072,1065,1077,1066,1063,1076,1060,1062,1061,1094,1081,1056,1068,1080,1081,1113,1097,1098,1099,1114,1111,1103,1121,1124,1116,1123,1152,1132,1142,1153,1148,1148,1169,1163,1173,1161,1181,1216,1217,1248,1259,1269,,1351,1312,1357,1298,1305
394484,"Colorado Springs, CO",80,998,1007,1015,1018,1027,1036,1041,1043,1042,1047,1049,1052,1055,1058,1060,1066,1075,1088,1094,1101,1097,1102,1103,1112,1114,1114,1127,1141,1151,1162,1165,1177,1183,1185,1185,1185,1196,1198,1208,1219,1228,1237,1243,1250,1250,1249,1256,1264,1270,1284,1290,1299,1304,1306,1313,1316,1315,1314,1316,1319,1329,1349,1358,1361,1369,1377,1382,1389,1389,1397,1396,1404,1415,1417,1420,1420,1419,1428,1440,1454,1467,1470,1481,1479,1489,1512,1532,1561,1588,1618,1662,1683,1685,1686,1694,1704,1707,1720
395235,"Winston-Salem, NC",81,1022,1016,1017,1002,1002,1002,1006,1003,1004,993,1001,1004,1006,1011,1020,1019,1024,1030,1034,1039,1037,1037,1034,1029,1033,1040,1056,1058,1061,1055,1065,1063,1063,1058,1063,1058,1064,1067,1079,1087,1094,1101,1096,1098,1104,1106,1104,1100,1112,1113,1122,1134,1135,1137,1141,1145,1151,1148,1152,1155,1163,1170,1180,1188,1197,1204,1213,1208,1207,1209,1206,1203,1227,1230,1231,1231,1236,1252,1256,1273,1282,1287,1296,1286,1307,1316,1340,1361,1391,1430,1447,1465,1475,1488,1508,1488,1509,1545
395224,"Wichita, KS",82,,708,742,732,759,762,767,765,785,786,779,771,768,769,769,778,765,767,772,767,773,772,765,774,773,773,778,785,782,791,785,779,774,776,777,775,773,775,779,785,782,788,789,787,787,782,782,782,787,787,789,791,796,797,796,796,795,807,797,796,792,795,799,804,807,809,815,817,815,813,816,813,818,820,826,826,828,834,839,844,848,846,844,843,841,852,857,872,881,898,890,903,909,916,918,921,920,930
395115,"Springfield, MA",83,1120,1124,1105,1109,1130,1144,1152,1170,1154,1131,1144,1147,1149,1147,1146,1161,1160,1174,1177,1183,1181,1176,1175,1173,1174,1183,1196,1199,1222,1215,1230,1222,1220,1230,1218,1205,1199,1202,1213,1232,1235,1248,1243,1244,1262,1249,1249,1244,1248,1253,1265,1263,1270,1281,1306,1307,1308,1304,1307,1279,1289,1295,1309,1313,1319,1332,1335,1336,1323,1332,1327,1331,1345,1357,1351,1347,1356,1364,1369,1356,1367,1380,1365,1373,1391,1438,1446,1439,1447,1441,1465,1463,1454,1471,1500,1503,1512,1527
394440,"Fort Myers, FL",84,1021,1011,1016,1019,1032,1036,1048,1058,1078,1089,1097,1108,1108,1113,1127,1153,1164,1168,1174,1201,1217,1219,1232,1234,1241,1241,1263,1255,1257,1270,1276,1280,1276,1285,1297,1301,1312,1308,1312,1312,1311,1313,1313,1318,1323,1332,1343,1354,1364,1363,1357,1353,1359,1363,1369,1383,1386,1389,1399,1407,1412,1405,1402,1407,1412,1420,1421,1425,1435,1441,1442,1445,1456,1468,1460,1447,1448,1453,1468,1477,1498,1511,1527,1527,1523,1536,1547,1563,1612,1676,1739,1830,1888,1923,1974,2007,2021,2025
394399,"Boise City, ID",85,880,895,901,906,918,928,937,941,939,937,933,920,927,936,951,956,968,975,983,987,989,992,989,984,990,998,1010,1022,1031,1042,1054,1061,1061,1062,1050,1050,1055,1062,1077,1099,1104,1115,1126,1134,1137,1137,1134,1132,1135,1149,1160,1157,1179,1203,1219,1224,1231,1223,1230,1232,1234,1241,1257,1268,1287,1308,1310,1312,1317,1311,1304,1305,1316,1317,1339,1331,1340,1349,1369,1383,1397,1406,1428,1451,1467,1499,1535,1570,1623,1674,1712,1735,1730,1714,1722,1716,1746,1748
395160,"Toledo, OH",86,836,823,858,845,833,831,850,820,836,831,830,824,836,849,851,911,877,858,858,834,847,854,857,850,856,856,890,868,873,880,886,886,888,886,882,887,883,873,879,895,896,901,900,900,897,902,910,904,910,902,904,935,929,924,921,913,916,921,908,923,920,922,921,934,939,943,942,947,941,940,931,919,922,937,940,952,964,972,978,974,980,966,962,979,984,990,1004,1032,1078,1084,1088,1106,1105,1100,1099,1108,1098,1113
394816,"Madison, WI",87,1080,1051,1054,1050,1054,1063,1068,1072,1065,1080,1075,1079,1073,1076,1087,1099,1092,1106,1107,1116,1107,1110,1119,1135,1120,1135,1122,1128,1146,1142,1152,1144,1136,1141,1152,1149,1146,1151,1155,1158,1165,1162,1163,1172,1160,1169,1174,1164,1174,1171,1176,1179,1187,1194,1193,1189,1190,1202,1203,1202,1203,1211,1216,1223,1222,1225,1226,1218,1219,1223,1229,1234,1248,1251,1253,1254,1246,1246,1253,1254,1258,1251,1263,1271,1275,1278,1288,1293,1296,1297,1313,1310,1324,1339,1337,1341,1346,1347
394766,"Lakeland, FL",88,1002,1037,1019,1017,1024,1026,1058,1042,1041,1039,1039,1048,1051,1050,1055,1067,1073,1081,1085,1087,1072,1089,1098,1095,1095,1104,1095,1108,1127,1133,1136,1149,1151,1144,1151,1158,1159,1159,1164,1169,1183,1191,1188,1191,1196,1202,1219,1215,1201,1213,1234,1246,1261,1269,1277,1278,1285,1292,1294,1298,1302,1310,1321,1323,1328,1332,1342,1350,1354,1354,1358,1366,1368,1367,1373,1372,1385,1385,1395,1409,1416,1435,1441,1443,1447,1451,1474,1496,1529,1578,1616,1650,1701,1708,1735,1740,1750,1775
394931,"Ogden, UT",89,907,960,942,944,953,953,959,964,963,962,960,959,964,974,979,980,989,997,1000,1006,1009,1011,1012,1013,1017,1023,1027,993,1025,1055,1058,1062,1066,1066,1074,1070,1087,1088,1094,1096,1100,1107,1112,1126,1129,1124,1126,1127,1132,1146,1158,1173,1168,1183,1190,1196,1189,1197,1205,1215,1217,1215,1234,1239,1249,1258,1260,1258,1252,1261,1263,1274,1275,1300,1294,1285,1296,1305,1313,1313,1304,1322,1348,1342,1360,1379,1391,1425,1464,1486,1531,1524,1539,1562,1566,1589,1599,1619
394528,"Daytona Beach, FL",90,932,932,940,941,944,947,960,967,951,969,982,986,996,992,1000,1007,1006,1012,1030,1033,1037,1056,1053,1034,1051,1053,1061,1068,1086,1087,1093,1110,1107,1120,1125,1118,1122,1121,1107,1123,1140,1147,1160,1166,1160,1168,1177,1175,1179,1189,1202,1206,1221,1222,1227,1237,1238,1241,1246,1255,1255,1266,1276,1273,1280,1279,1286,1292,1299,1304,1305,1310,1315,1320,1331,1321,1315,1324,1334,1342,1357,1370,1377,1392,1399,1410,1433,1453,1473,1487,1543,1548,1583,1602,1636,1650,1677,1708
394531,"Des Moines, IA",91,968,934,957,986,989,988,1000,987,985,1008,1021,1002,1002,1002,1020,1018,1016,1020,1016,1007,993,999,996,987,981,978,998,1007,1015,1024,1025,1025,1013,1019,1023,1013,1018,1017,1030,1031,1039,1042,1053,1045,1034,1035,1024,1025,1011,1022,1032,1041,1047,1055,1068,1062,1054,1049,1042,1046,1050,1040,1040,1054,1062,1068,1078,1077,1078,1075,1075,1069,1069,1074,1079,1063,1071,1080,1092,1099,1097,1099,1099,1091,1092,1091,1117,1113,1121,1128,1136,1145,1156,1161,1158,1161,1162,1175
394711,"Jackson, MS",92,1071,1044,1050,1039,1050,1059,1052,1051,1050,1058,1057,1057,1045,1057,1065,1072,1069,1035,1055,1068,1069,1069,1075,1074,1082,1123,1105,1094,1087,1095,1091,1091,1089,1085,1080,1099,1102,1099,1095,1100,1100,1105,1106,1104,1108,1105,1100,1102,1106,1113,1122,1121,1121,1097,1109,1114,1117,1122,1131,1121,1129,1130,1131,1125,1129,1136,1137,1135,1122,1131,1146,1149,1156,1157,1172,1167,1163,1157,1156,1172,1176,1182,1184,1179,1179,1187,1202,1220,1241,1266,1283,1272,1266,1271,1278,1278,1282,1299
395245,"Youngstown, OH",93,629,650,629,634,647,636,623,632,644,655,653,642,645,647,656,656,656,629,626,641,649,654,657,662,661,654,658,638,649,657,662,669,667,674,670,664,673,669,675,674,675,682,682,693,683,681,685,677,680,684,690,685,692,696,697,719,716,713,706,715,712,712,716,709,711,716,719,718,711,719,723,719,729,742,742,746,751,745,751,741,766,756,773,762,784,794,796,809,809,838,838,883,853,862,872,893,915,905
394352,"Augusta, GA",94,857,891,877,866,865,862,860,857,858,867,867,867,866,863,863,868,878,891,890,882,885,885,887,885,879,891,892,894,900,906,906,903,905,911,903,904,900,899,910,916,922,923,924,928,930,933,935,934,938,931,941,945,953,957,954,954,957,961,957,961,963,967,975,986,995,1000,996,1004,1004,1003,1003,1003,1004,1010,1016,1022,1028,1035,1053,1062,1073,1071,1086,1090,1095,1087,1093,1120,1140,1165,1191,1201,1201,1216,1225,1225,1228,1256
395075,"Scranton, PA",95,753,776,773,772,783,806,807,796,795,796,797,786,783,780,786,789,791,788,797,795,800,806,807,804,769,782,809,841,821,804,808,816,814,828,819,810,821,823,847,839,829,825,822,829,834,828,835,852,813,830,842,841,839,847,840,850,846,864,860,854,855,859,855,863,867,884,878,885,885,892,903,900,886,893,899,886,900,904,906,906,926,936,937,958,952,960,960,980,993,1013,1030,1045,1070,1067,1073,1055,1063,1070
394666,"Harrisburg, PA",96,996,1009,989,976,975,971,969,943,957,939,962,968,964,973,987,994,993,986,983,984,986,987,977,988,988,979,987,1004,1013,1018,1028,1012,1011,1006,1018,1003,1008,1008,1008,1025,1028,1023,1028,1027,1022,1030,1020,1022,1021,1019,1030,1038,1048,1049,1051,1057,1062,1067,1077,1074,1079,1077,1086,1090,1091,1096,1099,1103,1110,1111,1108,1097,1108,1108,1101,1101,1098,1114,1118,1133,1128,1129,1128,1135,1152,1160,1157,1186,1206,1239,1250,1271,1296,,1281,1298,1310,1316
394957,"Melbourne, FL",97,963,985,970,976,982,990,1003,990,1002,1004,1010,1021,1029,1033,1040,1049,1047,1058,1071,1092,1091,1090,1099,1109,1114,1124,1123,1131,1133,1152,1154,1160,1173,1176,1188,1196,1198,1207,1217,1214,1218,1231,1239,1243,1255,1265,1267,1268,1280,1285,1292,1305,1319,1326,1330,1340,1341,1336,1350,1352,1356,1361,1371,1371,1377,1379,1382,1388,1394,1394,1399,1410,1415,1446,1447,1433,1424,1429,1437,1455,1464,1464,1478,1488,1511,1516,1533,1566,1604,1626,1675,1730,1773,1781,1815,1829,1850,1856
395113,"Spokane, WA",99,918,996,966,926,929,921,910,909,887,898,902,884,908,913,906,944,945,948,945,946,949,947,967,976,979,978,994,996,989,995,987,990,1010,1007,1001,1004,1001,1017,1024,997,1028,1043,1052,1053,1059,1062,1066,1043,1055,1061,1078,1085,1102,1116,1102,1120,1118,1118,1120,1114,1120,1122,1137,1152,1168,1176,1182,1175,1187,1187,1165,1154,1173,1190,1212,1206,1212,1211,1228,1237,1267,1277,1261,1266,1284,1315,1324,1373,1437,1478,1513,1528,1520,1518,1515,1497,1493,1516
395006,"Provo, UT",100,983,1009,1004,996,1006,1035,1037,1021,1034,1040,1031,1039,1046,1045,1066,1050,1059,1074,1078,1064,1081,1090,1093,1091,1113,1096,1102,1104,1114,1148,1146,1148,1144,1151,1154,1142,1145,1160,1161,1164,1184,1189,1198,1204,1190,1188,1194,1199,1214,1217,1214,1233,1234,1249,1261,1263,1256,1258,1255,1259,1272,1270,1271,1273,1298,1304,1307,1313,1314,1301,1301,1300,1302,1304,1307,1313,1322,1334,1347,1346,1330,1363,1371,1377,1407,1415,1432,1455,1477,1496,1536,1555,1568,1629,1621,1620,1630,1650
394549,"Durham, NC",104,1085,1048,1075,1103,1114,1109,1121,1114,1116,1113,1097,1110,1110,1109,1124,1127,1135,1138,1159,1153,1146,1143,1139,1143,1159,1164,1169,1186,1178,1187,1193,1188,1190,1218,1211,1200,1202,1202,1207,1219,1226,1220,1231,1234,1225,1232,1237,1228,1221,1219,1233,1244,1260,1264,1264,1265,1266,1271,1275,1271,1276,1278,1289,1294,1310,1320,1328,1328,1329,1323,1332,1321,1321,1313,1323,1311,1330,1331,1330,1332,1328,1338,1341,1353,1376,1354,1323,1346,1396,1438,1470,1489,1517,1537,1546,1571,1567,1575
394995,"Port St. Lucie, FL",119,1079,1008,1058,1071,1102,1092,1117,1128,1132,1135,1141,1157,1166,1170,1113,1122,1165,1179,1187,1195,1215,1205,1223,1226,1237,1249,1251,1257,1273,1276,1283,1286,1297,1297,1298,1304,1316,1325,1319,1329,1330,1354,1360,1373,1373,1379,1386,1390,1389,1410,1414,1413,1434,1444,1463,1461,1461,1468,1469,1494,1488,1487,1481,1480,1481,1484,1505,1527,1521,1542,1554,1558,1560,1592,1571,1550,1553,1545,1564,1586,1626,1666,1671,1682,1681,1734,1736,1783,1811,1866,1891,1929,2000,2076,2172,2176,2217,2166
394746,"Killeen, TX",128,821,816,826,826,832,834,838,840,839,839,840,836,837,842,841,843,842,845,845,850,849,846,840,839,843,846,849,850,853,853,857,855,852,853,854,854,854,859,862,862,865,866,865,866,865,867,869,870,871,874,878,878,881,884,885,889,890,894,897,896,898,905,912,922,927,932,936,937,935,938,938,937,942,946,942,947,956,967,978,993,1007,1018,1027,1031,1031,1039,1049,1079,1105,1140,1174,1203,1213,1244,1251,1267,1258,1258
394602,"Fort Collins, CO",159,1195,1227,1217,1225,1230,1235,1244,1237,1270,1278,1255,1264,1269,1304,1310,1311,1327,1345,1351,1349,1345,1349,1338,1336,1329,1334,1355,1366,1385,1405,1406,1397,1382,1368,1360,1369,1360,1395,1402,1412,1410,1407,1414,1412,1414,1408,1411,1409,1387,1407,1434,1446,1460,1463,1464,1464,1454,1457,1430,1447,1452,1478,1490,1498,1500,1510,1510,1503,1504,1493,1491,1490,1508,1520,1528,1528,1533,1543,1544,1533,1519,1514,1518,1525,1521,1547,1571,1593,1613,1650,1669,1685,1684,1708,1708,1726,1723,1745
394405,"Boulder, CO",162,1416,1451,1417,1405,1418,1453,1467,1475,1495,1488,1462,1458,1490,1508,1536,1541,1551,1563,1570,1601,1624,1613,1588,1610,1622,1625,1642,1646,1653,1649,1657,1650,1656,1639,1648,1625,1627,1654,1659,1668,1670,1677,1688,1691,1686,1676,1688,1700,1706,1702,1708,1707,1727,1752,1768,1763,1756,1758,1748,1749,1760,1768,1779,1790,1806,1801,1806,1809,1805,1825,1819,1807,1809,1813,1835,1813,1806,1809,1818,1813,1822,1832,1839,1848,1862,1874,1892,1911,1929,1954,1977,2011,2018,2021,2028,2051,2077,2089
394483,"College Station, TX",192,1120,1170,1145,1159,1163,1174,1178,1182,1207,1180,1149,1181,1184,1200,1216,1230,1252,1271,1266,1253,1210,1215,1260,1269,1274,1288,1279,1288,1288,1315,1290,1262,1234,1266,1277,1305,1325,1326,1332,1329,1325,1316,1295,1271,1267,1271,1295,1296,1323,1328,1324,1319,1314,1309,1295,1262,1292,1315,1293,1320,1328,1336,1343,1336,1334,1319,1325,1328,1337,1348,1360,1360,1362,1366,1358,1363,1365,1355,1332,1321,1357,1388,1402,1407,1427,1400,1401,1408,1383,1390,1419,1446,1415,1435,1482,1498,1509,1524
394623,"Gainesville, GA",229,932,973,988,979,980,985,976,982,971,986,971,987,983,1000,1016,1024,1027,1028,1038,1047,1063,1051,1082,1057,1054,1040,1065,1062,1062,1061,1099,1103,1133,1115,1121,1119,1121,1126,1112,1115,1137,1149,1171,1175,1169,1163,1164,1180,1186,1181,1187,1197,1193,1193,1201,1203,1216,1231,1227,1228,1243,1256,1263,1285,1272,1267,1274,1301,1309,1299,1301,1295,1304,1309,1295,1285,1278,1297,1291,1304,1339,1323,1338,1374,1372,1389,1372,1436,,1532,1575,1627,1602,1602,1635,1658,1671,1663
395098,"Sierra Vista, AZ",309,869,913,894,886,892,900,900,881,885,892,892,891,884,885,885,889,884,885,882,888,889,886,907,893,884,884,880,878,877,878,881,881,871,872,870,864,865,866,853,869,876,883,900,894,887,886,895,885,886,887,892,898,912,914,921,917,923,936,932,942,936,938,948,959,969,964,966,939,971,974,989,991,1000,1012,1009,1024,1021,1016,1026,1024,1032,1052,1065,1076,1064,1087,1093,1086,1161,1193,1204,1175,1241,1304,1297,1278,1181,1230
395080,"Sebring, FL",382,599,647,,691,685,687,700,673,682,701,,705,724,732,759,740,734,748,762,748,771,794,790,823,807,695,,714,769,777,762,787,793,834,859,851,851,834,809,817,842,840,839,861,869,884,861,877,928,917,881,888,853,864,870,878,871,884,912,907,915,905,905,914,893,854,882,902,911,911,924,929,932,944,945,937,935,941,959,952,968,971,981,1034,1022,1012,1021,1021,1051,1053,1064,1070,1123,1117,1154,1162,1168,1178
