StateID,SizeRank,StateName,RegionType,Jan-10,Feb-10,Mar-10,Apr-10,May-10,Jun-10,Jul-10,Aug-10,Sep-10,Oct-10,Nov-10,Dec-10,Jan-11,Feb-11,Mar-11,Apr-11,May-11,Jun-11,Jul-11,Aug-11,Sep-11,Oct-11,Nov-11,Dec-11,Jan-12,Feb-12,Mar-12,Apr-12,May-12,Jun-12,Jul-12,Aug-12,Sep-12,Oct-12,Nov-12,Dec-12,Jan-13,Feb-13,Mar-13,Apr-13,May-13,Jun-13,Jul-13,Aug-13,Sep-13,Oct-13,Nov-13,Dec-13,Jan-14,Feb-14,Mar-14,Apr-14,May-14,Jun-14,Jul-14,Aug-14,Sep-14,Oct-14,Nov-14,Dec-14,Jan-15,Feb-15,Mar-15,Apr-15,May-15,Jun-15,Jul-15,Aug-15,Sep-15,Oct-15,Nov-15,Dec-15,Jan-16,Feb-16,Mar-16,Apr-16,May-16,Jun-16,Jul-16,Aug-16,Sep-16,Oct-16,Nov-16,Dec-16,Jan-17,Feb-17,Mar-17,Apr-17,May-17,Jun-17,Jul-17,Aug-17,Sep-17,Oct-17,Nov-17,Dec-17,Jan-18,Feb-18,Mar-18,Apr-18,May-18,Jun-18,Jul-18,Aug-18,Sep-18,Oct-18,Nov-18,Dec-18,Jan-19,Feb-19,Mar-19,Apr-19,May-19,Jun-19,Jul-19,Aug-19,Sep-19,Oct-19,Nov-19,Dec-19,Jan-20,Feb-20,Mar-20
9,0,California,State,334006,333810,334587,335764,337485,337017,335726,334062,332750,331019,328651,326613,324888,323423,321206,318951,315849,314027,312583,311168,309480,307633,306901,305721,304983,304423,304600,305287,306825,308746,311068,313988,317372,321549,325401,330487,335514,341473,348066,355438,362989,370604,378073,385353,391783,397373,402495,406948,411466,415177,417355,418414,419028,419865,421182,421874,423137,424490,426958,428782,430702,432881,436160,438895,441760,443971,446142,448727,451692,454906,457425,460930,464023,466704,468372,471032,473590,476308,478638,481619,484368,487374,489910,492092,494493,497082,500194,503014,506266,509773,512723,515450,518472,521932,526091,530358,534835,539252,543105,545959,548081,550054,552266,553939,554943,555697,556407,556266,555695,554527,553933,554131,554663,555305,556199,557569,559490,561495,563523,566433,569813,573975,578267
54,1,Texas,State,137726,137702,137715,137807,137833,137714,137247,136718,136185,135759,135247,134821,134413,133890,133320,132749,132287,131864,131680,131655,131750,131772,131646,131478,131451,131687,132032,132328,132646,132996,133424,133808,134100,134381,134832,135421,136111,136752,137506,138349,139213,140085,140977,141913,142946,144033,145113,146067,146931,147822,148615,149380,150178,151098,151974,152922,153868,154845,155816,156823,157844,158856,159941,161046,162077,163091,164088,165053,165939,166883,167742,168643,169584,170497,171382,172238,173269,174242,175300,176224,177210,178102,179215,180390,181448,182498,183417,184405,185242,186104,186867,187640,188474,189462,190464,191376,192172,192999,193974,195061,196105,197116,198023,198972,199756,200683,201495,202476,203433,204358,204958,205377,205843,206423,207079,207699,208380,208865,209358,209723,210164,210591,211199
43,2,New York,State,265765,265719,265568,265747,265827,266209,266343,266122,265513,264597,263739,262806,262195,261604,261166,260303,259396,258204,257293,256631,256185,255858,255362,254965,254497,253917,253395,253031,252979,253057,253168,253348,253543,253678,253953,254314,254708,255302,255809,256563,257251,258069,258877,259580,260285,261119,261970,262722,263470,264192,265040,265656,266168,266542,266815,267162,267530,267984,268428,269022,269595,270055,270357,270765,271276,271945,272713,273463,274209,274785,275352,275749,276181,276921,277869,278857,279700,280370,281070,281881,282741,283733,284786,286089,287324,288271,289105,290142,291567,293268,294866,296326,297694,299125,300565,301822,303174,304590,306064,307454,308727,310035,311485,313053,314709,316173,317445,318491,319425,320268,321233,322061,322909,323518,324039,324498,324903,325371,325925,326646,327360,328101,328677
14,3,Florida,State,159692,158933,158424,157944,157403,156597,155503,154213,152850,151362,149755,148251,146713,145286,143783,142438,141159,140155,139237,138613,138138,137894,137748,137636,137635,137685,137993,138470,139053,139734,140524,141426,142379,143417,144501,145755,147224,148882,150588,152328,154225,156119,158156,160250,162383,164278,166120,167802,169366,170689,171967,173048,174060,174920,175794,176432,177163,178153,179235,180328,181342,182486,183623,184760,185940,187199,188386,189737,191143,192545,193809,195185,196669,198234,199575,200920,202167,203579,205051,206449,207690,208834,210156,211429,212753,213938,215195,216603,218018,219415,220664,222072,223442,224803,226015,227254,228195,229278,230565,232037,233524,234746,235901,236997,238143,239227,240303,241419,242436,243067,243435,243819,244230,244754,245385,245996,246632,247345,248103,248825,249766,250981,252309
21,4,Illinois,State,185760,185496,184139,184013,182880,182904,180747,179618,177831,176861,174964,173343,171726,170479,169328,167477,166197,164361,163916,162818,162256,160499,159602,158157,157389,155851,155485,155004,154996,154561,153946,153383,152870,153202,153736,154307,154972,155859,156474,157377,157983,159185,160302,161889,163285,164845,165650,166686,167293,168199,168593,168761,169182,169901,170651,171076,171605,171905,172474,172865,173234,173350,173850,174640,175407,175635,175906,176148,176482,176722,177013,177470,178058,179086,179961,180697,181200,181846,182618,183355,183984,184681,185533,186451,187436,188194,189094,189921,190695,191287,191800,192487,193258,194120,194924,195794,196653,197305,197657,197969,198406,199019,199511,199965,200502,201000,201475,201729,201814,202066,202326,202678,202923,203158,203458,203678,203788,203850,203907,204058,204302,204527,204839
47,5,Pennsylvania,State,168807,169004,169194,169324,169379,169320,169041,168606,167921,167105,166181,165326,164521,163769,163031,162199,161387,160570,159945,159524,159306,159113,158868,158570,158235,157906,157617,157450,157382,157303,157187,157100,157038,157060,157115,157255,157446,157649,157863,158157,158483,158893,159318,159681,160020,160267,160571,160788,161029,161258,161455,161510,161531,161676,161914,162103,162213,162327,162476,162697,162870,163010,163299,163729,164267,164534,164700,164884,165218,165602,165945,166193,166596,167144,167503,167720,167798,168241,168724,169294,169731,170194,170724,171430,171920,172358,172774,173495,174265,175009,175723,176452,177251,178091,178842,179576,180412,181286,182482,183527,184516,185118,185701,186276,186932,187529,188227,188886,189618,190311,190764,191190,191696,192437,193202,193945,194608,195286,195918,196555,197133,197735,198377
44,6,Ohio,State,119593,119674,119611,119542,119363,119156,118723,118219,117647,117074,116443,115772,115216,114640,114150,113505,112890,112315,111959,111676,111404,111083,110808,110588,110308,110005,109805,109707,109577,109384,109231,109188,109237,109292,109327,109391,109588,109871,110113,110382,110723,111172,111575,111967,112259,112655,112999,113290,113312,113271,113226,113294,113425,113629,113875,114022,114228,114374,114677,115057,115612,116205,116739,117187,117648,118084,118519,118934,119333,119720,120084,120412,120819,121216,121729,122199,122630,123046,123507,124046,124614,125197,125833,126532,127273,127971,128608,129274,129921,130596,131182,131938,132735,133637,134412,135133,135609,136231,136924,137903,138786,139599,140358,141008,141588,142155,142892,143648,144455,145173,145875,146398,146936,147560,148267,148958,149681,150356,150953,151551,152229,152916,153593
30,7,Michigan,State,104903,104532,104315,104180,104202,104232,103826,103271,102457,101737,100935,100304,99591,99053,98369,97673,96936,96244,95761,95564,95595,95655,95662,95672,95721,95745,96025,96353,96838,97345,98009,98635,99229,99964,100786,101561,102359,103376,104547,105781,106966,108170,109469,110854,112321,113628,114860,116122,117406,118512,119350,120072,120831,121673,122391,122953,123386,123872,124429,124938,125464,126029,126762,127411,127938,128403,128921,129543,130053,130565,131163,131965,132712,133407,133897,134662,135480,136405,137326,138203,139283,140362,141341,142192,143029,143928,144980,146051,147223,148215,149038,149896,150790,151767,152792,153797,155029,156289,157497,158537,159421,160428,161435,162529,163480,164396,165196,166175,166925,167685,168183,168709,169249,169906,170651,171318,172047,172772,173597,174330,175146,175948,176977
16,8,Georgia,State,142475,141845,141244,141000,140817,140443,139495,138236,136698,135371,133968,132826,131595,130583,129273,127828,126167,124703,123595,122947,122670,122417,122115,121456,120965,120462,120535,120722,121125,121549,122062,122390,122554,122769,123366,124202,125257,126353,127425,128432,129529,130727,131941,133295,134726,136181,137408,138688,139774,140851,141717,142589,143345,144044,144803,145512,146272,146969,147690,148346,148986,149594,150188,150873,151711,152615,153389,154144,154868,155557,156238,156899,157740,158562,159531,160478,161355,162063,162690,163330,163864,164586,165381,166351,167152,168027,168891,169803,170720,171783,172973,174126,175490,176785,178215,179579,181018,182368,183518,184700,185955,187312,188621,189860,191024,192208,193428,194542,195505,196271,197208,198157,199137,199915,200671,201487,202268,203012,203623,204290,205044,205955,206804
36,9,North Carolina,State,162037,161572,161171,160933,160800,160569,160055,159476,158810,158191,157520,156906,156213,155528,154725,153786,152941,152274,151786,151277,150867,150340,149844,149356,149001,148737,148553,148571,148493,148359,148231,148288,148344,148451,148575,148692,148849,149006,149336,149679,150150,150651,151171,151688,152154,152687,153145,153716,154189,154681,154983,155231,155442,155627,155785,155864,156054,156275,156664,157047,157531,158015,158634,159161,159624,160058,160616,161263,161819,162313,162718,163088,163504,164011,164483,165085,165817,166726,167600,168424,169288,170136,171036,171959,172833,173633,174519,175479,176420,177231,177938,178738,179613,180689,181713,182793,183877,185010,186047,186943,187921,188950,190119,191214,192254,193106,194045,194993,196050,196911,197729,198563,199401,200259,201069,201906,202753,203661,204527,205358,206116,207023,208001
40,10,New Jersey,State,326280,325681,324917,324578,324236,323808,323019,321701,319873,317711,315694,313738,311814,309723,307492,305331,303087,300969,298814,297114,295630,294198,292448,290631,289014,287910,287223,286476,285740,284757,283965,283142,282824,282889,283319,283896,284607,285176,285618,285987,286742,288064,289731,291530,293048,294424,295799,296940,297928,298460,299524,300585,301626,302169,302483,302618,302501,302292,301946,301890,302158,302931,303158,303457,303527,303851,303944,304091,304446,304828,305353,305716,305700,305691,305622,305836,305942,306403,306968,307508,307940,308523,309065,309658,310457,311108,312212,312903,314227,314940,316067,317290,318724,319973,321196,322415,323821,325253,326492,327903,328675,329679,330222,330992,331908,332895,333829,334374,334667,334851,335165,335515,336056,336638,337359,337878,338218,338581,339024,339786,340642,341625,342527
56,11,Virginia,State,241172,241361,241646,241928,242104,241881,241126,240276,239534,238849,237904,237002,236055,235082,234011,233107,232318,231803,231415,231263,230903,230415,229879,229597,229346,229462,229660,229961,230325,230660,231107,231402,231859,232632,233665,234494,235320,236021,236904,237680,238394,239082,239869,240821,241884,242639,243328,243956,244832,245445,245921,246220,246469,246821,247174,247433,247557,247800,248067,248358,248341,248759,249195,249635,250010,250297,250625,250931,251309,251705,251975,252272,252667,252733,252866,253244,253990,254723,255400,256062,256782,257445,258283,259241,260201,261285,262127,263042,263624,264370,264977,265724,266404,267196,268089,268787,269655,270166,271021,271671,272704,273600,274512,275151,275706,276254,277010,278025,279011,280067,281002,281957,282774,283613,284512,285546,286650,287705,288502,289151,289719,290382,291002
59,12,Washington,State,264399,263000,261794,262013,262381,261691,259715,257069,254821,252282,249804,247353,245451,244051,242145,239829,236411,233830,231585,230164,228522,227036,225575,224405,223678,222635,222330,222188,223142,224256,225665,227055,228496,230203,232237,234260,235842,237635,239792,242298,244853,246836,249030,251106,253454,255280,256701,257973,259521,261382,262455,263422,263940,265477,266735,267836,268634,269982,271536,273355,275363,276890,278872,280687,283249,285232,287207,289758,292461,295244,297849,300397,302743,305492,308215,311009,313396,316029,318986,321649,324450,326964,330036,333073,336139,339095,342089,345467,348888,352435,356051,359492,362571,365811,368840,372475,375952,380054,383815,387365,390089,392229,393659,395069,396870,398764,400240,400882,401564,401834,402161,402276,403121,404490,406338,408416,410440,412493,415000,418034,421340,424910,428896
26,13,Massachusetts,State,320159,321521,322655,323553,323693,323631,322888,322000,320583,319403,318241,317476,316512,315041,313152,311383,309809,308756,307832,307104,306184,304887,303458,302123,301164,300181,299940,299993,300656,301026,301534,301971,302591,303786,305617,307762,309358,311786,313900,316171,317875,319690,321738,323886,326581,329067,330991,331982,332963,333574,334854,336302,337722,338880,339652,340501,340832,341036,341586,343184,345283,346998,348132,348385,349034,349721,351337,352998,354521,356153,357142,357995,358944,360751,362527,364546,366310,368063,368941,370011,371748,373742,376118,377983,379586,380500,381675,383724,386087,388662,391253,393218,395206,396721,399018,400977,403098,405588,408095,409870,411065,412322,414051,415617,416513,417447,418049,419150,419700,420042,419950,420074,420298,420754,421042,421800,423010,424467,425831,427214,429121,431279,433883
22,14,Indiana,State,117050,117107,117064,117147,117097,117059,116889,116590,116134,115665,115193,114837,114527,114158,113806,113363,112974,112642,112524,112602,112735,112789,112780,112653,112500,112385,112376,112441,112548,112567,112546,112469,112483,112619,112656,112754,112846,113081,113257,113487,113723,114031,114306,114590,114828,115018,115331,115690,116110,116470,116881,117229,117544,117817,118193,118571,118934,119296,119674,120042,120311,120545,120762,121070,121364,121662,121803,121974,122209,122476,122828,123211,123740,124201,124549,124832,125213,125749,126441,127099,127763,128367,128880,129314,129747,130351,131091,131917,132722,133461,134065,134741,135388,136257,137086,137965,138623,139352,140202,141189,142083,142989,143979,144915,145690,146256,147015,147935,149013,149778,150444,150996,151736,152389,153022,153672,154467,155321,156054,156644,157216,157960,158690
8,15,Arizona,State,165366,164088,162917,162558,161800,160881,158626,157009,154842,153378,151265,149225,147130,145499,144445,142650,140946,139007,138120,137540,137286,137322,137376,138308,138987,140252,141150,143353,146120,149052,151668,154250,157317,160018,162970,164632,166817,168139,170413,172259,174192,176541,179290,181580,183484,185068,185961,187486,189145,191624,192377,192387,192245,192452,192342,192431,192222,192675,193733,194947,195371,195578,196979,198869,200578,201517,202822,204050,205523,206393,207106,207924,209555,210832,211692,212519,213539,214638,215258,216305,217431,219028,220592,221860,222814,223956,225305,226627,227833,229275,230993,232163,233488,234836,236434,237743,239215,241025,242774,244475,245987,247428,248682,249929,251408,252651,253790,254778,256030,257224,258288,258969,259824,261011,262366,264011,265466,267120,268858,271060,273147,275219,277574
53,16,Tennessee,State,135707,135623,135593,135533,135547,135436,135238,134900,134492,134036,133590,133094,132445,131880,131284,130854,130379,130036,129708,129439,129156,128857,128595,128378,128303,128222,128243,128264,128377,128433,128577,128697,128881,129029,129157,129340,129569,129897,130257,130666,130995,131362,131697,132195,132745,133418,134114,134711,135224,135607,135925,136186,136511,136919,137337,137680,137939,138144,138321,138662,139111,139651,140170,140711,141384,142019,142630,143217,143870,144594,145367,146040,146763,147503,148291,148982,149553,150132,150845,151628,152536,153444,154426,155415,156280,157041,157931,159012,160164,161306,162421,163533,164503,165432,166390,167420,168425,169530,170517,171514,172462,173497,174576,175586,176579,177541,178397,179240,180155,180965,181731,182360,183136,183871,184577,185352,186218,187159,188181,189208,190251,191386,192630
32,17,Missouri,State,131540,131229,131060,131082,131107,130844,130375,129765,129028,128270,127405,126589,125804,125151,124280,123314,122380,121749,121361,120987,120710,120370,120051,119635,119282,119071,119100,119299,119480,119517,119451,119489,119692,119807,120077,120363,120936,121303,121590,121667,121809,122063,122394,122705,122889,123251,123524,123880,124111,124429,124732,125077,125522,125967,126382,126734,127061,127370,127717,128007,128167,128346,128653,129188,129672,130155,130588,131076,131563,132016,132392,132920,133477,134110,134635,135114,135684,136289,136985,137615,138259,138966,139779,140463,141168,141873,142638,143336,143864,144424,144981,145677,146527,147361,148148,148837,149531,150158,150898,151713,152587,153371,154159,154997,155636,156233,156786,157520,158255,158953,159488,159961,160487,161070,161621,162065,162576,163105,163662,164140,164596,165100,165650
27,18,Maryland,State,276623,275667,274766,274068,274054,273590,272787,271172,269612,267843,265812,263715,261812,260750,259931,258861,257249,255781,254362,253237,252063,251347,250775,250279,249477,248773,248336,248276,248372,248610,249148,249874,250637,251198,251844,252764,254078,255337,256689,257998,259738,261326,262972,264392,266005,267534,269173,270339,271413,272316,272816,273428,273372,273684,273668,274023,274073,274258,274480,274617,274583,274502,274942,275007,275298,275273,275577,275742,275938,276098,275911,276387,276924,277739,278162,278931,279995,280845,281809,282496,283706,284646,285777,286529,287631,288575,289541,290258,290761,291558,291979,292870,293710,295014,296352,297564,298102,298816,299560,300854,301824,302728,303708,304362,304855,305144,305687,306345,307224,307900,308179,308134,308253,308566,308957,309431,309958,310483,310778,311118,311559,312114,312990
60,19,Wisconsin,State,159091,159285,159474,159411,159238,158723,158054,156898,155524,154304,153159,152273,151295,150308,149225,148004,146779,145830,144953,144531,144254,144041,143803,143440,143103,142726,142376,142123,142116,142161,142342,142309,142324,142192,142254,142268,142470,142357,142629,143126,143991,144690,145319,146043,146904,147746,148337,148785,149192,149867,150615,151006,151168,151376,151814,152103,152182,152278,152571,153052,153500,154044,154357,154895,155236,155528,155684,155894,156250,156715,157336,157973,158570,159116,159598,160145,160860,161817,162702,163728,164783,165911,166815,167636,168495,169371,170275,171223,172164,173179,174171,175178,176046,176807,177695,178789,180092,181197,182345,183343,184544,185490,186422,187160,188070,188905,189786,190475,191081,191848,192696,193686,194441,195236,196070,197000,197835,198744,199579,200456,201264,202025,202676
31,20,Minnesota,State,185983,186234,186575,186880,186987,186460,185621,184132,182468,180809,179448,177796,176238,174455,172982,171313,169664,168154,166896,166117,165492,164880,164157,163535,163090,163018,163241,163792,164276,165037,165858,166882,168064,169509,171090,172674,174084,175094,175838,176604,178141,179849,181764,183522,185261,186891,188224,189358,190570,191858,193372,194661,195611,196184,196422,196467,196413,196371,196536,197031,197500,198425,199241,200304,201018,201697,202413,203217,204199,205145,206222,207268,208543,209619,210581,211251,211904,212827,214048,215551,216883,218281,219487,220626,221567,222548,223758,225270,226969,228549,229886,230883,231901,232833,234133,235571,237182,238786,240389,241783,242873,243748,244634,245826,246900,248030,248964,249941,250936,251827,252478,253057,253742,254744,255779,256677,257686,258688,259704,260648,261544,262545,263708
10,21,Colorado,State,234156,234507,234741,234609,234225,233525,232752,231832,230845,229911,228993,228097,227175,226222,225331,224565,223646,222949,222277,222106,222076,222127,222227,222406,222710,223069,223509,224259,225510,227009,228622,229879,231223,232573,234052,235438,237037,238763,240774,242528,244180,245724,247507,249582,251462,253170,254652,256308,257719,259149,260346,261766,263282,264953,266611,268047,269684,271626,273937,276391,279149,281953,284766,287439,290353,293271,296167,299166,302283,305341,308135,310738,313033,315362,317801,320529,322978,325325,327805,330376,332712,334865,337252,339659,342382,345095,347942,350366,352626,354837,356797,358663,360643,362933,365109,367696,370013,372269,374291,376778,379532,382090,384413,386433,388378,390375,392455,393778,394516,395476,396334,397143,397379,398013,398865,399929,401013,401907,402718,403875,405547,407080,408794
4,22,Alabama,State,121781,121601,121193,120760,120234,119765,119166,118593,118101,117699,117194,116598,115849,115214,114746,114441,114180,113917,113658,113415,113101,112756,112335,112068,112015,112005,111996,111834,111790,111718,111746,111728,111813,111908,112142,112309,112484,112624,112832,113030,113091,113168,113264,113494,113692,113890,114069,114282,114421,114532,114579,114758,115056,115403,115692,115932,116100,116310,116521,116702,116892,117086,117363,117566,117747,117905,118138,118332,118590,118753,118907,119087,119361,119712,120031,120390,120686,121019,121247,121521,121751,122126,122563,122989,123296,123543,123823,124150,124491,124746,125046,125440,125990,126492,126887,127405,127937,128512,129002,129530,130117,130732,131374,131973,132548,133079,133643,134066,134550,135041,135570,136058,136536,137077,137622,138178,138716,139322,139980,140723,141474,142247,143072
51,23,South Carolina,State,152094,151893,151537,151289,151185,151008,150567,150014,149344,148649,147965,147071,146059,144894,144047,143190,142443,141786,141382,140988,140559,140109,139670,139540,139560,139822,139760,139760,139641,139548,139325,139094,139124,139273,139483,139582,139641,139707,140067,140463,140897,141324,141851,142535,143102,143632,144158,144651,145210,145672,145958,146096,146313,146641,147046,147397,147758,148063,148290,148561,148901,149414,150048,150743,151335,151877,152385,152809,153211,153697,154324,155001,155675,156181,156674,157120,157767,158393,159000,159720,160526,161399,162170,162885,163349,163923,164412,165234,165939,166741,167460,168183,168841,169484,170184,170907,171876,172853,174057,175006,175910,176675,177459,178252,179078,179831,180613,181398,182176,182906,183380,183892,184383,185027,185695,186324,186940,187597,188216,188828,189373,189932,190594
25,24,Louisiana,State,150537,150717,150982,150912,150919,150838,150677,150417,150254,150092,149871,149493,148731,147930,147032,146443,145916,145601,145448,145373,145240,145181,145083,144977,144966,144937,145096,145306,145584,145721,145665,145658,145719,145792,145734,145736,145816,146080,146367,146560,146781,147137,147639,148081,148304,148489,148734,149129,149608,150019,150316,150562,150560,150466,150343,150480,150712,150984,151490,151830,152121,152324,152769,153178,153622,154034,154517,154804,155173,155569,155848,156211,156408,156727,156774,157016,157391,157941,158427,158873,159286,159618,159875,160012,160234,160372,160854,161397,162005,162313,162633,162934,163364,163764,164307,164864,165561,166134,166381,166367,166154,166194,166177,166412,166511,166752,166707,166520,166250,166239,166403,166567,166810,167050,167356,167517,167749,167935,168321,168866,169432,169909,170388
24,25,Kentucky,State,114713,114712,114765,114863,114969,114923,114792,114616,114467,114303,113933,113494,112932,112410,111887,111445,111089,110822,110607,110445,110254,110060,110031,110042,110127,110192,110290,110416,110472,110443,110409,110337,110430,110520,110635,110684,110813,110968,111202,111321,111484,111684,111945,112323,112578,112875,113081,113326,113413,113584,113641,113850,114041,114365,114696,114874,115061,115237,115527,115886,116375,116736,117136,117447,117829,118106,118368,118748,119192,119602,119962,120297,120684,121180,121687,122236,122725,123296,123829,124382,124898,125519,126149,126780,127300,127793,128397,129073,129806,130474,131165,131824,132505,133113,133862,134561,135327,136008,136660,137196,137639,138113,138646,139149,139605,140053,140399,140822,141312,141981,142578,143208,143835,144488,145092,145722,146378,147053,147735,148383,148967,149454,149987
46,26,Oregon,State,238736,238110,237849,237480,236512,235071,233509,231687,229389,227251,225534,223910,222217,220161,217744,215404,213501,212318,211500,210770,210223,209398,208518,207507,206838,206471,206795,207474,208421,209278,210092,211328,212615,214377,215598,217190,218882,221486,223983,226612,229170,231424,233588,235137,236906,238322,240564,242780,244978,246342,247327,248288,248987,250155,251238,252669,254066,255688,257219,258484,259714,261372,263429,265227,267154,269146,271432,274007,276490,279074,281518,284111,286822,288935,291145,293707,296914,299965,303028,305594,308250,310601,312781,315175,317452,320139,322385,324779,326621,328205,329584,331235,333001,334731,336609,338404,340139,342196,344501,346602,348353,350065,351948,353405,354706,355549,356804,357964,359238,359988,360175,360382,360772,361608,362360,363380,364434,365923,367061,368280,369499,370945,372868
45,27,Oklahoma,State,105365,105502,105739,105982,106154,106093,105812,105479,105121,104817,104363,104050,103778,103620,103333,102953,102529,102236,102179,102223,102380,102386,102364,102241,102140,102133,102177,102346,102608,102843,103003,103091,103072,103137,103330,103664,103963,104121,104297,104539,104706,104920,105145,105470,105822,106040,106251,106397,106682,106957,107214,107375,107646,107881,108168,108403,108701,109246,109734,110164,110430,110790,111220,111613,111899,112196,112461,112720,112896,112837,112817,112878,113210,113598,113964,114298,114627,114987,115362,115712,116044,116434,116802,117183,117383,117624,117844,118269,118676,119055,119324,119628,120037,120502,120921,121325,121685,121885,122080,122281,122614,122812,123031,123262,123557,123906,124219,124587,124854,125375,125819,126296,126642,127151,127723,128302,128818,129292,129851,130401,131116,131739,132465
11,28,Connecticut,State,268514,267479,267289,267644,268038,268056,267538,266605,265422,263644,261574,259564,258458,257520,255963,254016,252084,250941,249745,248286,246625,244981,243842,242556,241182,239781,238709,237559,236424,234789,233741,233187,232995,233264,233618,234523,235397,235856,236472,237513,239026,240475,241426,242419,243461,244224,244741,244725,244519,244493,244101,243691,242839,242511,242213,241648,240923,240497,240386,240229,240011,239992,240415,240794,241223,241284,241419,241626,242045,241931,241301,240982,241132,241523,241552,241222,241021,240913,240992,240930,240750,241069,241866,242761,243658,244194,244766,245515,246334,247087,247914,248813,249814,250620,251601,252133,252455,252480,252791,253122,253446,254013,254496,255116,255359,255655,255600,256000,255829,256254,256369,256787,256907,256955,257010,256972,257213,257445,257794,257997,258730,259231,259855
19,29,Iowa,State,122343,122435,122660,122828,122904,122809,122599,122335,121996,121616,121234,120844,120561,120234,119873,119495,119150,118929,118804,118800,118851,118887,118955,119028,118973,118901,118888,119011,119204,119397,119653,119877,120156,120544,120952,121348,121779,122224,122479,122580,122685,122945,123188,123448,123672,123873,124028,124261,124500,124825,125263,125805,126260,126565,126794,126976,127204,127419,127652,127851,128165,128455,128802,129127,129547,129965,130413,130886,131351,131818,132306,132737,133083,133441,133820,134185,134553,134969,135439,135879,136258,136657,137074,137567,138168,138760,139355,139902,140414,140934,141397,141885,142367,142829,143342,143879,144255,144580,144894,145431,146004,146376,146746,147101,147607,148073,148486,148883,149349,149959,150500,150923,151212,151688,152166,152631,152976,153338,153689,154005,154307,154500,154727
34,30,Mississippi,State,108842,108717,108563,108377,108153,107984,107639,107296,106920,106625,106342,106194,106103,105966,105787,105560,105410,105219,105210,105173,105200,105096,105017,104852,104679,104512,104338,104275,104241,104270,104271,104253,104126,104010,103922,103864,103808,103745,103793,103730,103633,103483,103324,103206,103171,103178,103160,103185,103207,103317,103412,103623,103855,104070,104342,104670,105055,105501,105986,106488,106987,107433,107802,108139,108458,108837,109166,109440,109647,109849,110007,110139,110272,110440,110678,110895,111138,111416,111721,112089,112420,112685,112938,113240,113587,113874,114163,114499,114848,115119,115369,115633,115976,116335,116724,117034,117370,117728,118077,118372,118706,119115,119574,119976,120424,120843,121250,121628,121971,122411,122883,123424,123869,124282,124666,125076,125416,125781,126139,126545,126946,127259,127539
6,31,Arkansas,State,104715,104781,104827,104830,104848,104758,104525,104288,103921,103585,103122,102721,102317,102028,101791,101535,101169,100905,100811,100821,100885,100974,101048,101074,101068,101100,101242,101502,101877,102189,102407,102572,102796,102993,103254,103553,103895,104140,104228,104256,104287,104385,104549,104720,104847,104949,104985,104975,104998,105138,105400,105653,105882,106025,106110,106215,106392,106651,106928,107222,107482,107684,107818,107990,108118,108349,108623,108968,109279,109549,109857,110150,110457,110775,111133,111491,111897,112305,112655,112938,113235,113588,113952,114321,114712,115079,115501,115854,116281,116667,117217,117753,118238,118641,119075,119569,120064,120588,121062,121568,121988,122379,122725,123028,123401,123772,124279,124807,125328,125733,126070,126429,126816,127277,127696,128166,128606,129082,129435,129743,130053,130447,130907
23,32,Kansas,State,122613,122448,122466,122434,122432,122267,121965,121506,121030,120687,120387,120078,119749,119475,118966,118366,117927,117593,117380,117173,117056,116812,116558,116320,116290,116370,116529,116677,116711,116855,116972,117143,117162,117240,117389,117586,117664,117632,117848,118133,118475,118557,118651,118723,118925,119160,119389,119651,119873,120125,120098,120122,120138,120364,120677,121049,121443,121758,122092,122387,122764,123097,123568,124052,124586,125132,125581,126000,126311,126702,127042,127381,127696,128133,128553,128939,129387,129862,130393,130880,131379,131852,132303,132790,133306,133874,134507,135184,135677,136055,136469,137009,137656,138314,139063,139820,140542,141154,141678,142192,142794,143395,143853,144260,144721,145242,145902,146473,147050,147500,147952,148408,148846,149398,150026,150637,151155,151625,151950,152336,152735,153279,153853
55,33,Utah,State,217406,216760,216091,215564,214857,213796,212181,210184,208717,207274,205634,203446,201706,200059,198942,197462,196302,195137,194566,194490,193888,193282,192714,193004,193229,193708,194005,194709,195750,196846,197817,198695,200213,202052,204085,206206,208260,210373,212401,214892,217053,219654,222140,224542,226574,228140,229451,230187,230988,231703,232580,232698,232889,232900,232887,232978,232946,233585,234502,235542,236643,237690,239103,240789,242339,243738,245320,247331,249503,251325,252692,254130,255738,257402,258688,259887,261579,263488,265520,266960,268831,270664,273013,275230,277304,279248,281476,283972,286444,288959,291240,293692,295535,297495,299432,301846,303870,306406,308827,311817,314532,316896,319351,321516,324000,326714,329400,331904,334067,336024,337581,338762,339808,341272,342729,344447,346129,347575,348925,350166,351898,353534,355484
42,34,Nevada,State,160723,159786,159139,157951,156848,156623,156120,155475,153996,152530,151595,150642,148848,146760,144738,143130,142041,140235,139025,137156,136382,135611,134969,134454,134321,134249,134103,134376,134848,136080,137083,139047,140887,142840,144902,147317,150267,153564,157631,161397,165500,169670,174274,178377,182280,185666,188827,190924,192839,194575,196087,197241,197710,198037,198834,199486,199665,200742,201964,204455,205932,207550,208693,210111,212044,213477,214167,215237,216887,218372,219282,220696,222675,224526,225535,227075,228405,230082,231411,232762,234030,234572,235672,235258,236019,236809,239954,242315,244768,247250,250644,253570,257130,261176,265592,269719,272611,275891,278004,280684,283149,286647,290172,294034,296630,298155,298621,300053,301445,302803,302886,303258,303502,303131,302356,301622,301610,302387,303665,304731,306155,307402,309730
41,35,New Mexico,State,182049,181621,181594,181087,180668,179479,178374,177200,176210,174607,173084,171826,171470,171151,170855,170067,168949,167825,167205,166755,166431,166184,165976,165806,165391,165024,164440,164187,164216,164432,164605,164545,164899,165010,165319,164884,164537,164263,164699,165265,165974,166760,167371,168304,168469,169037,169139,170233,171132,171892,171945,171786,171568,171129,170770,170225,170328,170444,171158,171376,171411,171271,171259,171642,171892,172357,172823,173563,173950,173946,173428,173244,173618,174323,175278,175840,176502,176984,177526,177669,177989,178774,179915,180912,181319,181581,181509,181833,182232,182912,183639,184424,185115,185389,185775,185989,186451,187178,188318,189382,190156,190673,190921,191422,192040,193416,194615,195963,197128,198043,198697,199221,199967,200979,202205,203326,204434,205120,205888,206704,207713,208867,210141
61,36,West Virginia,State,89067,89026,89168,89365,89528,89609,89648,89696,89636,89502,89306,89137,88921,88692,88321,88059,87889,87886,87846,87798,87823,87893,88019,88080,88116,88148,88198,88229,88206,88183,88226,88284,88367,88437,88522,88581,88719,88910,89164,89375,89573,89746,89955,90153,90413,90679,90968,91206,91359,91413,91463,91565,91732,91884,92023,92203,92425,92688,92921,93148,93302,93532,93743,94008,94222,94444,94651,94833,95042,95215,95411,95585,95885,96127,96387,96552,96749,96902,97052,97178,97238,97283,97297,97387,97431,97537,97653,97873,98127,98438,98777,99173,99580,100056,100576,101002,101368,101682,101971,102201,102330,102458,102547,102608,102739,102845,103158,103485,103872,104198,104522,104889,105219,105583,105948,106295,106579,106836,106900,106967,107003,107078,107136
38,37,Nebraska,State,126518,126841,126723,126994,126961,126822,125984,125154,124340,123639,123003,122601,122414,122353,122186,121583,121204,120963,121125,121338,121407,121605,121690,121620,121124,120555,120477,120756,121206,121525,121936,122268,122805,123084,123612,124129,125212,126148,126640,126725,126713,127001,127269,127618,127898,128290,128590,128875,128862,129042,129475,130293,130926,131334,131648,131933,132208,132465,132749,133260,133844,134607,135313,135957,136606,137230,137823,138434,138996,139593,140234,140701,141207,141425,141647,141811,142269,142936,143762,144611,145502,146353,147084,147834,148585,149571,150731,151916,152825,153550,154250,154968,155782,156711,157746,158779,159668,160521,161172,161946,162813,163756,164515,165232,165934,166651,167440,168317,169179,169841,170496,171166,171872,172550,173344,174152,174914,175610,176217,176754,177374,178125,178938
20,38,Idaho,State,168417,167605,166341,165672,164944,163412,161384,159407,157580,155783,153954,152199,150772,149231,148065,146393,144985,144218,144114,143910,143781,143821,144160,144376,144531,145017,145615,146953,148212,149559,150879,152741,154642,156409,157731,159346,161271,162892,164812,166142,167890,169250,170831,172069,173128,174142,175207,175899,176239,176832,177426,178113,178443,178845,178974,178925,179072,179368,179974,180772,181651,182664,183456,184618,185588,186744,187701,188995,190044,191129,192128,193454,195334,196880,198415,199202,200497,201650,203087,204416,206076,207825,209433,210896,211715,212928,214116,216245,218036,219963,221810,223766,225894,227812,230029,232111,234458,236791,239231,241822,244869,248317,251692,254398,256747,259215,262122,264885,267678,269819,272280,274270,276291,277806,279427,281639,284048,286510,288513,290766,293020,295770,298257
18,39,Hawaii,State,457318,460760,461721,464265,464633,468050,470060,472283,473684,474683,476809,476291,475687,473600,472533,469729,468077,466687,465891,464044,461787,460772,458421,457887,457559,458382,459950,461206,463693,463739,464945,464577,466632,468201,471441,473453,475499,477097,479041,482149,482940,483905,484818,490328,495966,501615,505872,510898,514212,517405,519031,521221,523774,528146,531704,534264,534994,535266,536284,537461,539709,541189,543625,545643,548502,550036,551915,551989,552562,554022,555930,557278,558940,561379,563758,565763,567397,570039,572868,577228,581605,585162,587512,590194,592643,594708,596792,599665,604227,607870,610784,611446,613515,616203,620046,623050,625542,627996,630131,632345,633299,634335,635410,637589,638890,639518,639768,640173,640806,641385,642054,642436,642574,642843,643218,643400,643350,643460,643344,643270,643116,642876,642526
28,40,Maine,State,189904,189591,189654,190406,191256,190919,189981,188895,188277,187626,186843,185904,185881,186233,186529,185844,185172,184806,184853,184704,184491,184235,183874,183480,182829,182010,181279,181061,181113,181484,181929,182265,182453,182675,183498,184369,185081,185459,185714,185606,185446,185400,185394,185746,185967,186333,186277,186174,186124,186046,185969,186381,187081,187685,187948,187847,188034,188246,188454,188478,188445,189096,190179,190856,191317,191623,192481,193375,193898,194323,194754,195988,197204,198063,198490,199331,200044,200729,200952,201692,202924,204286,205786,206770,207794,208608,209478,210672,212003,213464,214928,215995,216871,217617,218409,219212,220530,222225,224020,224890,225638,226399,227490,228628,229576,230350,231041,231979,232282,232640,232818,233717,234529,235469,236308,237281,238500,239999,241629,243282,245300,247294,249550
39,41,New Hampshire,State,223434,222824,222164,221616,221479,221214,221215,221219,221466,221062,220190,219198,218416,218233,217814,217345,216153,214974,213379,212419,211579,211291,210797,210248,209708,209122,208461,207948,208181,208750,209695,210008,210200,210313,210761,211397,211895,212583,213774,215062,216082,216865,217644,218682,219771,220834,221695,222546,223250,223979,224381,224859,225103,225564,225939,226458,226919,227572,228399,228992,229816,230516,231607,232621,234013,235069,236137,236748,237316,237597,238055,239058,239859,240279,240441,240989,242014,243078,243954,244945,246194,247664,248834,249689,250779,252814,254735,256347,257000,258007,259370,261017,262581,264162,266141,267982,269621,270466,271617,272816,274114,275299,276321,277916,279258,280513,281156,282110,283110,283976,284408,284815,285818,286881,287984,288569,289446,290453,291907,293356,294946,296965,299333
50,42,Rhode Island,State,248122,248750,249611,249226,248849,248425,248387,247995,246878,245424,244003,243122,241840,240897,239441,238032,236149,234665,233008,231489,230034,228681,226844,225241,224095,222827,221725,220849,220335,219886,219899,220102,220322,220632,221647,222703,223193,224030,224687,225808,227020,228251,229388,230799,232442,234031,234939,235313,236023,236421,237825,239097,240452,240959,240716,240204,239971,240028,240439,241059,241696,242028,242140,241944,241923,242626,244010,245342,245693,246185,246848,248142,249770,252077,253482,254476,254967,255608,256397,257464,259761,261481,262723,263217,263672,264362,265405,267736,270359,272988,274777,276011,276869,278346,280643,283105,285307,286932,288555,289500,290402,291122,291996,293425,294657,295469,295368,295490,295759,296061,296584,297197,297922,298528,299409,300097,300897,301838,303184,304444,305755,307296,308658
35,43,Montana,State,206470,206082,205988,205926,206039,205830,205617,205150,204783,204173,203345,202384,201408,200445,199437,198863,198345,198125,197743,197685,197705,197836,197897,198025,198403,198843,199368,199709,200129,200490,201028,201691,202317,203055,203949,204955,205805,206510,207243,208043,208829,209682,210471,211344,212197,213168,214121,214941,215842,216731,217744,218547,219281,220021,221104,221983,222961,223461,224061,224632,225358,226371,227151,228096,228991,230123,230793,231411,231697,232428,233074,233880,234419,234800,235240,235724,236310,236581,237196,238156,239331,240310,241067,242027,243161,244294,245460,246520,247509,248498,249507,250409,251562,252820,254355,255534,256306,257208,258311,259849,261646,263396,265099,266000,267042,268027,269354,270465,271726,273174,274515,275650,276449,277406,278355,279942,281274,282638,283654,284987,286402,287633,288867
13,44,Delaware,State,242234,241984,241738,241213,240864,240516,239850,238612,237368,235847,234226,232911,231431,230150,228262,226593,224552,222911,221712,220814,219645,218411,217476,216409,215309,213805,213121,212469,212574,212193,211709,210619,209771,208926,208460,208134,208061,208451,208969,209496,209475,209561,209825,210966,212234,213875,214967,216010,217115,217838,218343,218550,219632,220565,221353,221542,221909,222192,222643,223055,223539,224190,224868,225954,226461,227162,227613,228427,228980,229319,229641,230004,230411,231065,231804,232792,233730,234890,236159,237091,237751,238458,239253,240295,241198,241605,241425,240693,240381,240457,240773,241535,242478,243643,244383,244613,244662,245572,247241,249185,250766,251797,252690,253247,253753,254339,255275,256215,257229,257444,257594,257571,257633,257841,257968,258136,258263,258150,257899,257775,257647,257723,257521
52,45,South Dakota,State,148145,148226,148361,148639,148940,149106,149198,149244,149238,149174,149081,148938,148735,148488,148318,148083,147871,147883,147945,148073,148062,148156,148297,148418,148466,148568,148571,148671,148796,148925,149147,149408,149842,150279,150661,151114,151650,152248,152819,153325,153798,154275,154766,155236,155710,156109,156556,156976,157341,157621,157992,158423,158975,159444,159900,160296,160824,161401,162022,162501,163117,163812,164486,165097,165589,166271,166957,167747,168230,168742,169202,169950,170689,171393,172240,173155,174061,174712,175334,176033,176964,177908,178910,179876,180827,181782,182567,183353,184161,185105,186022,186843,187589,188223,188904,189425,189992,190536,191281,192052,193005,193928,194930,195853,196838,197886,198885,199798,200608,201249,201882,202483,203029,203539,204015,204599,205151,205721,206301,207033,207831,208782,209684
3,46,Alaska,State,263077,262922,262909,263137,263813,264081,264308,264608,264826,264750,264221,263957,263251,262669,261508,260525,259801,259827,260075,260296,260350,260569,260726,261129,261751,262518,263461,264331,265181,265204,265050,264756,265053,265585,266284,266265,266750,267157,268150,268805,269594,271078,272458,273926,274874,275463,276246,277021,277490,278060,278615,279064,278881,278420,278828,279896,281066,282215,282735,283735,284449,285046,285457,286751,288785,290673,291371,291347,291054,291059,291645,292566,293796,294962,295574,295315,294558,293822,293711,293670,294072,294382,294814,294919,294962,294696,294491,294226,294412,294869,295390,295629,296512,298093,299214,299382,298424,297605,296835,295793,295986,296328,297349,297221,297351,299285,301354,302880,302624,304790,307244,310667,311353,312058,311917,312616,312462,310296,307886,306078,305820,303294,300073
37,47,North Dakota,State,167874,167849,167536,167321,167575,168145,168954,169455,170045,170257,170564,170760,170848,170906,171142,171594,171584,171014,170463,170319,170364,170493,170673,170878,171278,171827,172666,173543,174733,176278,177761,178999,180032,181330,182936,184734,186565,188385,190071,191510,192799,194091,195435,196748,198230,199418,200775,201963,203154,204118,204793,205672,206559,207667,208751,210341,211815,213875,214826,215803,216326,217476,218889,220517,222347,223853,224912,225406,225709,225788,226410,227048,227995,228597,229217,229553,229414,229251,229301,229572,229925,230214,230589,230981,231008,231064,230780,230520,230619,231060,231698,231812,231987,232052,232425,232474,232704,232505,232822,232888,233055,232649,232360,232264,232143,232001,231895,232093,232522,232980,233150,233482,233737,234315,234684,235128,235557,236091,236431,236708,236802,237099,237454
58,48,Vermont,State,226118,225943,226084,226230,226370,226414,226840,227303,227554,227750,227750,227826,227517,227247,226883,226788,226501,226356,226119,225948,225857,225884,226172,226201,226141,225961,225726,225592,225528,225573,225616,225658,225731,225603,225362,225300,225500,225739,225987,225969,225915,225704,225564,225484,225435,225385,225400,225419,225432,225331,225116,225075,225177,225488,225740,225964,226161,226428,226677,226972,227247,227584,227861,228050,228149,228156,228114,228076,227943,227919,227939,227885,227931,228279,228988,229632,229936,230230,230622,230971,231281,231554,232009,232596,233128,233557,234019,234551,235386,236444,237326,238546,239769,241415,242759,244022,245009,245773,246170,246758,247341,247473,247941,248176,248940,249373,249928,250454,251015,252138,253197,254059,254568,255618,256472,257347,257830,258377,258948,259558,260280,260677,261265
12,49,District of Columbia,State,417998,417549,416565,418269,422245,425274,426173,426428,425233,424470,422036,421496,419900,420353,419926,420079,418743,417462,416837,415689,415719,415055,414992,413350,414630,415648,418826,418587,418899,420636,424669,429797,434832,440582,446121,451751,453552,454380,454467,459535,466799,473003,477213,480860,484727,488695,492325,496179,502726,509875,517465,521516,523353,524116,525655,526879,526992,526069,526514,527251,526152,524925,523699,524477,525174,526767,528678,531089,534509,538805,540967,542264,542753,543997,545811,548524,552092,554892,556596,558373,559612,560046,562721,566070,571851,575878,579637,580295,579981,579407,580777,581798,583659,586195,588137,590456,590659,594254,593441,594887,595826,600703,605303,608152,610810,613101,616118,617748,618504,617463,620679,624002,627542,628115,628161,629709,631042,632440,633135,634526,637048,639504,640783
62,50,Wyoming,State,197245,197087,197001,197123,197398,197696,197663,197494,197215,197151,196893,196586,196243,196051,195975,195876,195494,194871,194583,194732,195099,195052,195182,195281,195874,196313,196771,197130,197751,198662,199412,199871,200266,201094,201926,202893,203350,203840,204220,204697,205160,205424,205738,206151,206654,207197,207708,208164,208747,209374,210161,210920,211688,212485,213300,214008,214789,215387,216109,216742,217460,218097,218640,219196,219761,220425,221122,221971,222591,223169,223531,224066,224477,224929,225304,225588,225860,226027,226174,226043,225858,225748,225887,225920,225960,225943,226013,226173,226287,226552,226820,227443,228259,229220,230125,231042,231894,232822,233542,234303,234832,235467,236038,236587,237149,237688,238475,239175,240047,240925,242269,243647,245130,246459,247866,249175,250397,251557,252517,253571,254531,255456,256089
